model,price,rating,company,is_dual_sim,has_5g,supports_volte,supports_wifi,supports_nfc,ram_amount,inbuilt_storage,battery_life,charging_speed,screen_size,resolution_width,resolution_height,memory_card_supported,primary_camera_resolution,num_rear_cameras,clock_speed_ghz,screen_size_category
OnePlus 11 5G,54999.0,89.0,OnePlus,1,1,1,1,1,12,256.0,5000.0,100.0,6.7,1440.0,3216.0,0,50.0,3,3.2,large
OnePlus Nord CE 2 Lite 5G,19989.0,81.0,OnePlus,1,1,1,1,0,6,128.0,5000.0,33.0,6.59,1080.0,2412.0,1,64.0,3,2.2,large
Samsung Galaxy A14 5G,16499.0,75.0,Samsung,1,1,1,1,0,4,64.0,5000.0,15.0,6.6,1080.0,2408.0,1,50.0,3,2.4,large
Motorola Moto G62 5G,14999.0,81.0,Motorola,1,1,1,1,0,6,128.0,5000.0,33.0,6.55,1080.0,2400.0,1,50.0,3,2.2,large
Realme 10 Pro Plus,24999.0,82.0,Realme,1,1,1,1,0,6,128.0,5000.0,67.0,6.7,1080.0,2412.0,0,108.0,3,2.6,large
Samsung Galaxy F23 5G (6GB RAM + 128GB),16999.0,80.0,Samsung,1,1,1,1,1,6,128.0,5000.0,25.0,6.6,1080.0,2408.0,1,50.0,3,2.2,large
Apple iPhone 14,65999.0,81.0,Apple,1,1,1,1,1,6,128.0,3279.0,33.0,6.1,1170.0,2532.0,0,12.0,2,3.22,medium
Xiaomi Redmi Note 12 Pro Plus,29999.0,86.0,Xiaomi,1,1,1,1,0,8,256.0,4980.0,120.0,6.67,1080.0,2400.0,0,200.0,3,2.6,large
Nothing Phone 1,26749.0,85.0,Nothing,1,1,1,1,1,8,128.0,4500.0,33.0,6.55,1080.0,2400.0,0,50.0,2,2.5,large
OnePlus Nord 2T 5G,28999.0,84.0,OnePlus,1,1,1,1,1,8,128.0,4500.0,80.0,6.43,1080.0,2400.0,0,50.0,3,2.4,medium
Realme 10 Pro,18999.0,82.0,Realme,1,1,1,1,0,6,128.0,5000.0,33.0,6.72,1080.0,2400.0,1,108.0,2,2.2,large
Oppo A78,18999.0,79.0,Oppo,1,1,1,1,1,8,128.0,5000.0,33.0,6.56,720.0,1612.0,1,50.0,2,2.2,large
Xiaomi Redmi Note 12 Pro 5G,24762.0,79.0,Xiaomi,1,1,1,1,0,6,128.0,5000.0,67.0,6.67,1080.0,2400.0,0,50.0,3,2.6,large
Vivo T1 5G (6GB RAM + 128GB),16990.0,80.0,Vivo,1,1,1,1,0,6,128.0,5000.0,18.0,6.58,1080.0,2408.0,1,50.0,3,2.2,large
Apple iPhone 13,62999.0,79.0,Apple,1,1,1,1,1,4,128.0,3240.0,33.0,6.1,1170.0,2532.0,0,12.0,2,3.22,medium
Vivo Y16,9999.0,65.0,Vivo,1,0,1,1,0,3,32.0,5000.0,10.0,6.51,720.0,1600.0,1,13.0,2,2.3,large
OPPO Reno 9 Pro Plus,45999.0,86.0,OPPO,1,1,1,1,1,16,256.0,4700.0,80.0,6.7,1080.0,2412.0,0,50.0,3,3.2,large
OnePlus 10R 5G,32999.0,86.0,OnePlus,1,1,1,1,1,8,128.0,5000.0,80.0,6.7,1080.0,2412.0,0,50.0,3,2.85,large
Vivo Y22,14499.0,72.0,Vivo,1,0,1,1,0,4,64.0,5000.0,18.0,6.55,720.0,1612.0,1,50.0,2,2.4,large
OnePlus 11R,39999.0,85.0,OnePlus,1,1,1,1,1,8,128.0,5000.0,100.0,6.7,1080.0,2412.0,0,50.0,3,3.2,large
Vivo V25 Pro 5G,35999.0,85.0,Vivo,1,1,1,1,0,8,128.0,4830.0,66.0,6.56,1080.0,2376.0,0,64.0,3,2.4,large
Poco X4 Pro 5G,14999.0,80.0,Poco,1,1,1,1,0,6,64.0,5000.0,67.0,6.67,1080.0,2400.0,1,64.0,3,2.2,large
Xiaomi Redmi Note 12,17859.0,76.0,Xiaomi,1,1,1,1,0,4,128.0,5000.0,33.0,6.67,1080.0,2400.0,1,48.0,3,2.4,large
Vivo V26 Pro,42990.0,87.0,Vivo,1,1,1,1,1,12,256.0,4800.0,100.0,6.7,1080.0,2400.0,0,64.0,3,3.2,large
Samsung Galaxy S20 FE 5G,31239.0,88.0,Samsung,1,1,1,1,1,8,128.0,4500.0,33.0,6.5,1080.0,2400.0,1,32.0,3,2.84,large
OnePlus Nord CE 2 Lite 5G (8GB RAM + 128GB),21995.0,84.0,OnePlus,1,1,1,1,0,8,128.0,5000.0,33.0,6.59,1080.0,2412.0,1,64.0,3,2.2,large
Apple iPhone 14 Pro Max,129990.0,76.0,Apple,1,1,1,1,1,6,128.0,4323.0,33.0,6.7,1290.0,2796.0,0,48.0,3,2.4,large
Vivo V25 5G,27999.0,83.0,Vivo,1,1,1,1,0,8,128.0,4500.0,44.0,6.44,1080.0,2408.0,1,64.0,3,2.4,medium
Realme 10 Pro (8GB RAM + 128GB),19999.0,84.0,Realme,1,1,1,1,0,8,128.0,5000.0,33.0,6.72,1080.0,2400.0,1,108.0,2,2.2,large
Poco X5 Pro,20999.0,81.0,Poco,1,1,1,1,1,6,128.0,5000.0,67.0,6.67,1080.0,2400.0,0,108.0,3,2.4,large
Vivo V27,27990.0,83.0,Vivo,1,1,1,1,0,8,256.0,4700.0,67.0,6.56,1080.0,2400.0,1,64.0,3,2.2,large
Apple iPhone 11,38999.0,73.0,Apple,1,0,1,1,1,4,64.0,3110.0,33.0,6.1,828.0,1792.0,0,12.0,2,2.65,medium
Samsung Galaxy M53 5G,23790.0,85.0,Samsung,1,1,1,1,0,6,128.0,5000.0,25.0,6.7,1080.0,2400.0,1,108.0,1,2.4,large
Samsung Galaxy S21 FE 5G,39999.0,87.0,Samsung,1,1,1,1,1,8,128.0,4500.0,25.0,6.4,1080.0,2340.0,0,32.0,3,2.9,medium
Oppo Reno 8T,29990.0,87.0,Oppo,1,1,1,1,1,8,256.0,5000.0,66.0,6.67,1080.0,2400.0,1,108.0,3,2.2,large
Xiaomi Redmi Note 12 Pro Max 5G,32999.0,83.0,Xiaomi,1,1,1,1,0,6,128.0,5200.0,210.0,6.67,1080.0,2460.0,1,108.0,1,2.36,large
OPPO Reno 9 5G,28499.0,83.0,OPPO,1,1,1,1,1,8,256.0,4500.0,67.0,6.7,1080.0,2412.0,0,64.0,2,2.4,large
OnePlus Nord CE 3 5G,21999.0,83.0,OnePlus,1,1,1,1,1,6,128.0,5000.0,67.0,6.7,1080.0,2412.0,1,108.0,3,2.2,large
Xiaomi Redmi Note 11 Pro Plus 5G,19999.0,83.0,Xiaomi,1,1,1,1,0,6,128.0,5000.0,67.0,6.67,1080.0,2400.0,1,108.0,3,2.2,large
Motorola Edge 20 Fusion 5G,18999.0,87.0,Motorola,1,1,1,1,1,6,128.0,5000.0,30.0,6.67,1080.0,2400.0,1,108.0,3,2.4,large
Realme 10 Pro Plus (8GB RAM + 256GB),27999.0,85.0,Realme,1,1,1,1,0,8,256.0,5000.0,67.0,6.7,1080.0,2412.0,0,108.0,3,2.6,large
Vivo Y35,18499.0,80.0,Vivo,1,0,1,1,0,8,128.0,5000.0,44.0,6.58,1080.0,2408.0,1,50.0,3,2.4,large
Samsung Galaxy M33 5G,17478.0,81.0,Samsung,1,1,1,1,1,6,128.0,6000.0,25.0,6.6,1080.0,2400.0,1,50.0,1,2.4,large
Xiaomi Redmi Note 11,11936.0,76.0,Xiaomi,1,0,1,1,0,4,64.0,5000.0,33.0,6.43,1080.0,2400.0,1,50.0,1,2.4,medium
Realme C33,8950.0,64.0,Realme,1,0,1,1,0,3,32.0,5000.0,33.0,6.5,720.0,1600.0,1,50.0,2,1.8,large
Vivo Y16 (4GB RAM + 64GB),12489.0,68.0,Vivo,1,0,1,1,0,4,64.0,5000.0,10.0,6.51,720.0,1600.0,1,13.0,2,2.3,large
Samsung Galaxy A14 5G (6GB RAM + 128GB),18999.0,79.0,Samsung,1,1,1,1,0,6,128.0,5000.0,15.0,6.6,1080.0,2408.0,1,50.0,3,2.4,large
iQOO Neo 7 5G,29999.0,82.0,iQOO,1,1,1,1,1,8,128.0,5000.0,120.0,6.78,1080.0,2400.0,0,64.0,3,3.1,large
Jio JioPhone 5G,11990.0,64.0,Jio,1,1,1,1,0,4,32.0,5000.0,18.0,6.5,720.0,1600.0,1,13.0,1,2.2,large
Motorola Moto G82 5G,18999.0,83.0,Motorola,1,1,1,1,1,6,128.0,5000.0,30.0,6.6,1080.0,2400.0,1,50.0,3,2.2,large
Realme 10,13999.0,74.0,Realme,1,0,1,1,0,4,64.0,5000.0,33.0,6.4,1080.0,2400.0,1,50.0,2,2.2,medium
Realme 9i 5G,14965.0,75.0,Realme,1,1,1,1,0,4,64.0,5000.0,18.0,6.6,1080.0,2408.0,1,50.0,3,2.4,large
Apple iPhone 14 Plus,74999.0,82.0,Apple,1,1,1,1,1,6,128.0,4325.0,33.0,6.7,1284.0,2778.0,0,12.0,2,3.22,large
Xiaomi Redmi Note 10S,10999.0,78.0,Xiaomi,1,0,1,1,0,6,64.0,5000.0,33.0,6.43,1080.0,2400.0,1,64.0,1,2.05,medium
Samsung Galaxy S23 Plus,84990.0,89.0,Samsung,1,1,1,1,1,8,256.0,4700.0,45.0,6.6,1080.0,2340.0,0,50.0,3,3.2,large
Motorola Moto G32,10499.0,75.0,Motorola,1,0,1,1,0,4,64.0,5000.0,33.0,6.55,1080.0,2400.0,1,50.0,3,2.4,large
Xiaomi Redmi Note 13 Pro 5G,17990.0,78.0,Xiaomi,1,1,1,1,1,6,128.0,5000.0,67.0,6.67,1080.0,2460.0,0,108.0,3,2.4,large
Vivo S16,29990.0,85.0,Vivo,1,1,1,1,1,8,128.0,4600.0,66.0,6.78,1080.0,2400.0,0,64.0,3,3.2,large
Samsung Galaxy A23,18499.0,79.0,Samsung,1,0,1,1,0,6,128.0,5000.0,25.0,6.6,1080.0,2408.0,1,50.0,1,2.4,large
Vivo Y22 (6GB RAM + 128GB),16499.0,75.0,Vivo,1,0,1,1,0,6,128.0,5000.0,18.0,6.55,720.0,1612.0,1,50.0,2,2.4,large
Poco M4 Pro 5G (6GB RAM + 128GB),14999.0,81.0,Poco,1,1,1,1,0,6,128.0,5000.0,33.0,6.6,1080.0,2400.0,1,50.0,2,2.4,large
Vivo S16 Pro,35499.0,86.0,Vivo,1,1,1,1,1,8,256.0,4600.0,66.0,6.78,1080.0,2400.0,0,50.0,3,3.1,large
OnePlus 10 Pro 5G,60999.0,89.0,OnePlus,1,1,1,1,1,8,128.0,5000.0,80.0,6.7,1440.0,3216.0,0,50.0,3,2.4,large
Xiaomi Redmi Note 12 Pro Plus (12GB RAM + 256GB),32999.0,87.0,Xiaomi,1,1,1,1,0,12,256.0,4980.0,120.0,6.67,1080.0,2400.0,0,200.0,3,2.6,large
Samsung Galaxy F23 5G,15999.0,78.0,Samsung,1,1,1,1,1,4,128.0,5000.0,25.0,6.6,1080.0,2408.0,1,50.0,3,2.2,large
OPPO A17K,9499.0,62.0,OPPO,1,0,1,1,0,3,64.0,5000.0,33.0,6.56,720.0,1612.0,1,8.0,1,2.3,large
Vivo V23 5G (12GB RAM + 256GB),27994.0,86.0,Vivo,1,1,1,1,0,12,256.0,4200.0,44.0,6.44,1080.0,2400.0,1,64.0,4,2.5,medium
iQOO Z6 Lite 5G,13989.0,75.0,iQOO,1,1,1,1,0,4,64.0,5000.0,18.0,6.58,1080.0,2408.0,1,50.0,2,2.4,large
OnePlus 10T,44999.0,85.0,OnePlus,1,1,1,1,1,8,128.0,4800.0,150.0,6.7,1080.0,2412.0,0,50.0,3,3.2,large
Xiaomi Redmi Note 10T 5G (6GB RAM +128GB),13999.0,79.0,Xiaomi,1,1,1,1,0,6,128.0,5000.0,18.0,6.5,1080.0,2400.0,1,48.0,3,2.2,large
Apple iPhone 13 Pro,119900.0,83.0,Apple,1,1,1,1,1,6,128.0,3095.0,33.0,6.1,1170.0,2532.0,0,12.0,3,3.22,medium
OPPO F22 Pro,27660.0,83.0,OPPO,1,1,1,1,0,8,128.0,4800.0,67.0,6.58,1080.0,2400.0,1,64.0,3,2.2,large
Samsung Galaxy A34 5G,24999.0,75.0,Samsung,1,1,1,1,1,6,128.0,5000.0,33.0,6.5,1080.0,2400.0,1,48.0,1,2.4,large
Xiaomi Redmi 10A (4GB RAM + 64GB),8388.0,66.0,Xiaomi,1,0,1,1,0,4,64.0,5000.0,33.0,6.53,720.0,1600.0,1,13.0,1,2.4,large
Motorola Moto G72 4G,15999.0,83.0,Motorola,1,0,1,1,1,6,128.0,5000.0,33.0,6.55,1080.0,2400.0,1,108.0,3,2.2,large
Samsung Galaxy A14 5G (8GB RAM + 128GB),20999.0,82.0,Samsung,1,1,1,1,0,8,128.0,5000.0,15.0,6.6,1080.0,2408.0,1,50.0,3,2.4,large
Realme 9 5G,13999.0,75.0,Realme,1,1,1,1,0,4,64.0,5000.0,18.0,6.5,1080.0,2400.0,1,48.0,3,2.4,large
Vivo T1 5G (8GB RAM + 128GB),19990.0,83.0,Vivo,1,1,1,1,0,8,128.0,5000.0,18.0,6.58,1080.0,2408.0,1,50.0,3,2.2,large
Samsung Galaxy M13 5G,13999.0,75.0,Samsung,1,1,1,1,0,6,128.0,5000.0,15.0,6.5,720.0,1600.0,1,50.0,2,2.2,large
Motorola Edge 30 5G,22999.0,83.0,Motorola,1,1,1,1,1,6,128.0,4020.0,33.0,6.5,1080.0,2400.0,0,50.0,3,2.5,large
Samsung Galaxy A23 5G,22999.0,79.0,Samsung,1,1,1,1,0,6,128.0,5000.0,25.0,6.6,1080.0,2408.0,1,50.0,1,2.2,large
OPPO K10 5G,16999.0,79.0,OPPO,1,1,1,1,0,8,128.0,5000.0,33.0,6.56,720.0,1612.0,1,48.0,2,2.4,large
Xiaomi Redmi Note 11 (6GB RAM + 128GB),14290.0,80.0,Xiaomi,1,0,1,1,0,6,128.0,5000.0,33.0,6.43,1080.0,2400.0,1,50.0,1,2.4,medium
Vivo Y21 2021,13489.0,69.0,Vivo,1,0,1,1,0,4,64.0,5000.0,18.0,6.51,720.0,1600.0,1,13.0,2,2.3,large
OnePlus Ace Racing Edition 5G,22990.0,83.0,OnePlus,1,1,1,1,1,8,128.0,5000.0,33.0,6.59,1080.0,2412.0,0,64.0,3,2.85,large
Motorola Moto G62 (8GB RAM + 128GB),16499.0,84.0,Motorola,1,1,1,1,0,8,128.0,5000.0,33.0,6.55,1080.0,2400.0,1,50.0,3,2.2,large
Realme C33 (4GB RAM + 64GB),9999.0,67.0,Realme,1,0,1,1,0,4,64.0,5000.0,33.0,6.5,720.0,1600.0,1,50.0,2,1.8,large
Realme 9i,12499.0,75.0,Realme,1,0,1,1,0,4,64.0,5000.0,33.0,6.6,1080.0,2412.0,1,50.0,3,2.4,large
OPPO A17,12499.0,72.0,OPPO,1,0,1,1,0,4,64.0,5000.0,33.0,6.56,720.0,1612.0,1,50.0,2,2.3,large
iQOO 11 5G,59999.0,88.0,iQOO,1,1,1,1,1,8,256.0,5000.0,120.0,6.78,1440.0,3200.0,0,50.0,3,3.2,large
Vivo T1 5G,15990.0,78.0,Vivo,1,1,1,1,0,4,128.0,5000.0,18.0,6.58,1080.0,2408.0,1,50.0,3,2.2,large
Apple iPhone 14 Pro,119990.0,75.0,Apple,1,1,1,1,1,6,128.0,3200.0,33.0,6.1,1179.0,2556.0,0,48.0,3,2.4,medium
Xiaomi Redmi Note 11 Pro Max 5G,19999.0,83.0,Xiaomi,1,1,1,1,0,6,128.0,5200.0,33.0,6.67,1080.0,2400.0,1,108.0,1,2.4,large
Motorola Moto S30 Pro,23990.0,83.0,Motorola,1,1,1,1,0,8,128.0,4400.0,68.0,6.55,1080.0,2460.0,0,50.0,3,2.9,large
Realme 10s,12999.0,80.0,Realme,1,1,1,1,0,8,128.0,5000.0,33.0,6.6,1080.0,2408.0,1,50.0,2,2.4,large
OPPO F19 Pro Plus 5G,19990.0,82.0,OPPO,1,1,1,1,0,8,128.0,4310.0,50.0,6.43,1080.0,2400.0,1,48.0,1,2.4,medium
Vivo V27 Pro,43999.0,87.0,Vivo,1,1,1,1,0,12,256.0,5000.0,120.0,6.73,1080.0,2400.0,0,108.0,3,3.2,large
Samsung Galaxy S22 5G,49999.0,86.0,Samsung,1,1,1,1,1,8,128.0,3700.0,25.0,6.1,1080.0,2340.0,0,50.0,3,2.4,medium
Vivo T1 44W (6GB RAM + 128GB),15999.0,79.0,Vivo,1,0,1,1,0,6,128.0,5000.0,44.0,6.44,1080.0,2408.0,1,50.0,3,2.4,medium
OnePlus 10R 5G (12GB RAM + 256GB),36999.0,87.0,OnePlus,1,1,1,1,1,12,256.0,5000.0,80.0,6.7,1080.0,2412.0,0,50.0,3,2.85,large
Tecno Phantom X2,39999.0,85.0,Tecno,1,1,1,1,1,8,256.0,5160.0,45.0,6.8,1080.0,2400.0,0,64.0,3,3.05,large
Xiaomi Redmi K50i 5G,22999.0,82.0,Xiaomi,1,1,1,1,0,6,128.0,5080.0,67.0,6.6,1080.0,2460.0,0,64.0,3,2.85,large
Samsung Galaxy A53 5G,31999.0,87.0,Samsung,1,1,1,1,1,6,128.0,5000.0,25.0,6.5,1080.0,2400.0,1,64.0,1,2.4,large
OPPO Reno8 5G,29340.0,83.0,OPPO,1,1,1,1,1,8,128.0,4500.0,80.0,6.43,1080.0,2400.0,0,50.0,3,2.4,medium
Samsung Galaxy M53 5G (8GB RAM + 128GB),25289.0,87.0,Samsung,1,1,1,1,0,8,128.0,5000.0,25.0,6.7,1080.0,2400.0,1,108.0,1,2.4,large
iQOO Z6 Pro 5G,21788.0,78.0,iQOO,1,1,1,1,0,6,128.0,4700.0,66.0,6.44,1080.0,2404.0,0,64.0,3,2.4,medium
Tesla Pi Phone,69999.0,83.0,Tesla,1,1,1,1,1,16,512.0,5000.0,120.0,6.73,1080.0,2448.0,0,50.0,3,2.4,large
Samsung Galaxy S23,70990.0,88.0,Samsung,1,1,1,1,1,8,128.0,3900.0,25.0,6.1,1080.0,2340.0,0,50.0,3,3.2,medium
Motorola Edge 30 Pro 5G,34999.0,89.0,Motorola,1,1,1,1,1,8,128.0,4800.0,68.0,6.7,1080.0,2400.0,0,60.0,3,2.4,large
OnePlus Nord 2T (12GB RAM + 256GB),33900.0,85.0,OnePlus,1,1,1,1,1,12,256.0,4500.0,80.0,6.43,1080.0,2400.0,0,50.0,3,2.4,medium
Google Pixel 6A,29999.0,71.0,Google,1,1,1,1,1,6,128.0,4410.0,33.0,6.14,1080.0,2400.0,0,12.0,2,2.4,medium
Infinix Note 12 Pro 5G,18999.0,84.0,Infinix,1,1,1,1,0,8,128.0,5000.0,33.0,6.7,1080.0,2400.0,1,108.0,3,2.4,large
Samsung Galaxy M33 5G (8GB RAM + 128GB),19499.0,84.0,Samsung,1,1,1,1,1,8,128.0,6000.0,25.0,6.6,1080.0,2400.0,1,50.0,1,2.4,large
Vivo V23 5G,24994.0,83.0,Vivo,1,1,1,1,0,8,128.0,4200.0,44.0,6.44,1080.0,2400.0,0,64.0,4,2.5,medium
Motorola Moto G42,10999.0,78.0,Motorola,1,0,1,1,1,4,64.0,5000.0,20.0,6.47,1080.0,2400.0,1,50.0,3,2.4,medium
OnePlus Nord CE 2 Lite 5G (8GB RAM + 256GB),24999.0,85.0,OnePlus,1,1,1,1,0,8,256.0,5000.0,33.0,6.59,1080.0,2412.0,1,64.0,3,2.2,large
Samsung Galaxy A33 5G,25999.0,82.0,Samsung,1,1,1,1,1,6,128.0,5000.0,25.0,6.4,1080.0,2400.0,1,48.0,1,2.4,medium
Google Pixel 7A,34990.0,69.0,Google,1,1,1,1,1,6,128.0,4410.0,33.0,6.1,1080.0,2400.0,0,12.0,2,2.4,medium
Xiaomi Redmi 11 Prime 5G,13466.0,74.0,Xiaomi,1,1,1,1,0,4,64.0,5000.0,18.0,6.58,1080.0,2408.0,1,50.0,2,2.2,large
Xiaomi Redmi Note 10 Lite,9999.0,76.0,Xiaomi,1,0,1,1,0,4,64.0,5020.0,18.0,6.67,1080.0,2400.0,1,48.0,1,2.3,large
Motorola Moto E40,7999.0,71.0,Motorola,1,0,1,1,0,4,64.0,5000.0,33.0,6.5,720.0,1600.0,1,48.0,3,1.8,large
Nothing Phone 1 (8GB RAM + 256GB),28249.0,86.0,Nothing,1,1,1,1,1,8,256.0,4500.0,33.0,6.55,1080.0,2400.0,0,50.0,2,2.5,large
Poco X4 Pro 5G (6GB RAM + 128GB),16499.0,82.0,Poco,1,1,1,1,0,6,128.0,5000.0,67.0,6.67,1080.0,2400.0,1,64.0,3,2.2,large
Xiaomi Redmi Note 11 Pro Plus 5G (8GB RAM + 256GB),22999.0,87.0,Xiaomi,1,1,1,1,0,8,256.0,5000.0,67.0,6.67,1080.0,2400.0,1,108.0,3,2.2,large
Apple iPhone 11 (128GB),46999.0,75.0,Apple,1,0,1,1,1,4,128.0,3110.0,33.0,6.1,828.0,1792.0,0,12.0,2,2.65,medium
Realme C35 (6GB RAM + 128GB),13999.0,74.0,Realme,1,0,1,1,0,6,128.0,5000.0,18.0,6.6,1080.0,2408.0,1,50.0,3,1.8,large
OPPO K10,13490.0,78.0,OPPO,1,0,1,1,0,6,128.0,5000.0,33.0,6.59,1080.0,2412.0,1,50.0,3,2.4,large
iQOO Neo 6 5G,28999.0,82.0,iQOO,1,1,1,1,0,8,128.0,4700.0,80.0,6.62,1080.0,2400.0,0,64.0,3,3.2,large
iQOO Z6 5G,15499.0,78.0,iQOO,1,1,1,1,0,4,128.0,5000.0,18.0,6.58,1080.0,2408.0,1,50.0,3,2.2,large
OPPO Reno 9 Pro 5G,39999.0,86.0,OPPO,1,1,1,1,1,16,256.0,4500.0,67.0,6.7,1080.0,2412.0,0,50.0,2,2.85,large
Poco M4 Pro 5G,12999.0,76.0,Poco,1,1,1,1,0,4,64.0,5000.0,33.0,6.6,1080.0,2400.0,1,50.0,2,2.4,large
OnePlus Clover,14999.0,69.0,OnePlus,1,0,1,1,0,4,64.0,6000.0,18.0,6.52,720.0,1560.0,1,13.0,3,1.8,large
Samsung Galaxy F04,8499.0,68.0,Samsung,1,0,1,1,0,4,64.0,5000.0,15.0,6.5,720.0,1600.0,1,13.0,2,2.3,large
iQOO 7,24990.0,83.0,iQOO,1,1,1,1,1,8,128.0,4400.0,66.0,6.62,1080.0,2400.0,0,48.0,3,3.2,large
Samsung Galaxy M34 5G,16999.0,84.0,Samsung,1,1,1,1,1,6,128.0,6000.0,25.0,6.5,1080.0,2400.0,1,64.0,1,2.4,large
Xiaomi Redmi 10,9589.0,71.0,Xiaomi,1,0,1,1,0,4,64.0,6000.0,18.0,6.7,720.0,1600.0,1,50.0,2,2.4,large
Xiaomi Redmi Note 12 (6GB RAM + 128GB),19988.0,79.0,Xiaomi,1,1,1,1,0,6,128.0,5000.0,33.0,6.67,1080.0,2400.0,1,48.0,3,2.4,large
Motorola Moto G52,11999.0,75.0,Motorola,1,0,1,1,1,4,64.0,5000.0,33.0,6.6,2460.0,1080.0,1,50.0,3,2.4,large
Apple iPhone 15 Pro Max,142990.0,79.0,Apple,1,1,1,1,1,8,256.0,4352.0,25.0,6.68,1284.0,2778.0,0,50.0,3,2.4,large
Oppo A98,30990.0,87.0,Oppo,1,1,1,1,1,8,128.0,5000.0,67.0,6.7,1080.0,2412.0,1,108.0,2,2.4,large
Infinix Zero 5G 2023,19499.0,85.0,Infinix,1,1,1,1,0,8,256.0,5000.0,33.0,6.78,1080.0,2460.0,1,50.0,3,2.6,large
OPPO F21 Pro 5G,25969.0,82.0,OPPO,1,1,1,1,0,8,128.0,4500.0,33.0,6.43,1080.0,2400.0,1,64.0,3,2.2,medium
Realme 11 Pro,28999.0,82.0,Realme,1,1,1,1,0,6,128.0,5000.0,65.0,6.4,1080.0,2400.0,1,64.0,3,2.4,medium
Realme 9 4G,14999.0,81.0,Realme,1,0,1,1,0,6,128.0,5000.0,33.0,6.4,1080.0,2400.0,1,108.0,3,2.4,medium
Cola Phone,14999.0,74.0,Cola,1,0,1,1,0,4,64.0,5000.0,33.0,6.4,1080.0,2400.0,1,50.0,2,2.2,medium
Apple iPhone 13 Pro Max,129900.0,84.0,Apple,1,1,1,1,1,6,128.0,4352.0,33.0,6.7,1284.0,2778.0,0,12.0,3,3.22,large
Oppo Reno 10 Pro Plus,58990.0,88.0,Oppo,1,1,1,1,1,12,256.0,4700.0,80.0,6.73,1080.0,2412.0,0,64.0,1,3.2,large
Vivo X90 5G,41990.0,88.0,Vivo,1,1,1,1,1,8,128.0,4810.0,120.0,6.78,1260.0,2800.0,0,50.0,3,3.05,large
Samsung Galaxy F13,10999.0,74.0,Samsung,1,0,1,1,1,4,64.0,6000.0,15.0,6.6,2408.0,1080.0,1,50.0,3,2.4,large
Xiaomi Redmi Note 10S (6GB RAM + 128GB),11999.0,79.0,Xiaomi,1,0,1,1,0,6,128.0,5000.0,33.0,6.43,1080.0,2400.0,1,64.0,1,2.05,medium
Realme 10 (8GB RAM + 128GB),16999.0,79.0,Realme,1,0,1,1,0,8,128.0,5000.0,33.0,6.4,1080.0,2400.0,1,50.0,2,2.2,medium
iQOO 9 SE 5G,30990.0,83.0,iQOO,1,1,1,1,1,8,128.0,4500.0,66.0,6.62,1080.0,2400.0,0,48.0,3,2.84,large
Infinix Hot 20,17999.0,75.0,Infinix,1,1,1,1,0,4,64.0,5000.0,18.0,6.6,1080.0,2408.0,1,50.0,1,2.4,large
Xiaomi Redmi Note 13 Pro Max 5G,20499.0,83.0,Xiaomi,1,1,1,1,0,6,128.0,5200.0,67.0,6.67,1080.0,2460.0,1,108.0,1,2.36,large
Realme Narzo 50 Pro 5G,20490.0,81.0,Realme,1,1,1,1,0,6,128.0,5000.0,33.0,6.4,1080.0,2400.0,1,48.0,3,2.5,medium
OPPO A74 5G,15490.0,77.0,OPPO,1,1,1,1,0,6,128.0,5000.0,18.0,6.5,1080.0,2400.0,1,48.0,3,2.4,large
Apple iPhone 9,29990.0,61.0,Apple,0,0,1,1,1,3,64.0,2050.0,33.0,4.7,750.0,1334.0,0,12.0,1,2.65,small
iQOO Z6 Lite (6GB RAM + 128GB),15499.0,79.0,iQOO,1,1,1,1,0,6,128.0,5000.0,18.0,6.58,1080.0,2408.0,1,50.0,2,2.4,large
Xiaomi Redmi Note 11SE,11999.0,80.0,Xiaomi,1,0,1,1,0,6,64.0,5000.0,33.0,6.43,1080.0,2400.0,1,64.0,1,2.05,medium
Realme Narzo 50,10999.0,74.0,Realme,1,0,1,1,0,4,64.0,5000.0,33.0,6.6,1080.0,2412.0,1,50.0,3,2.4,large
Vivo Y75 5G,21990.0,82.0,Vivo,1,1,1,1,0,8,128.0,5000.0,18.0,6.58,1080.0,2408.0,1,50.0,3,2.2,large
Vivo V25 (12GB RAM + 256GB),31999.0,85.0,Vivo,1,1,1,1,0,12,256.0,4500.0,44.0,6.44,1080.0,2408.0,1,64.0,3,2.4,medium
POCO M4 Pro 4G,11999.0,77.0,POCO,1,0,1,1,0,6,64.0,5000.0,33.0,6.43,1080.0,2400.0,1,64.0,3,2.05,medium
Infinix Zero Ultra,36999.0,89.0,Infinix,1,1,1,1,0,8,256.0,4500.0,180.0,6.8,1080.0,2400.0,1,200.0,3,2.5,large
Tecno Spark Go 2023,6999.0,62.0,Tecno,1,0,1,1,0,3,32.0,5000.0,10.0,6.56,720.0,1600.0,1,13.0,1,2.4,large
Motorola Moto X40,39999.0,89.0,Motorola,1,1,1,1,1,8,128.0,4600.0,125.0,6.7,1080.0,2400.0,0,60.0,3,3.2,large
Samsung Galaxy F24 5G,14999.0,78.0,Samsung,1,1,1,1,1,4,128.0,5000.0,25.0,6.6,1080.0,2408.0,1,50.0,3,2.2,large
Realme 10 5G,14499.0,79.0,Realme,1,1,1,1,0,8,128.0,5000.0,33.0,6.6,1080.0,2408.0,1,50.0,2,2.2,large
OnePlus Nord 3 5G,27999.0,84.0,OnePlus,1,1,1,1,1,8,128.0,4200.0,120.0,6.43,1080.0,2400.0,0,50.0,3,3.1,medium
Motorola Moto G82 (8GB RAM + 128GB),20499.0,86.0,Motorola,1,1,1,1,1,8,128.0,5000.0,30.0,6.6,1080.0,2400.0,1,50.0,3,2.2,large
iKall Z19 Pro,8099.0,60.0,iKall,1,0,1,1,0,4,64.0,5000.0,33.0,6.5,720.0,1600.0,1,13.0,1,1.6,large
LeEco S1 Pro,10999.0,65.0,LeEco,1,0,1,1,0,8,128.0,5000.0,10.0,6.5,720.0,1600.0,0,13.0,1,1.8,large
Realme C2s,3499.0,63.0,Realme,1,0,1,1,0,3,32.0,4000.0,33.0,6.1,720.0,1560.0,1,13.0,2,2.4,medium
Samsung Galaxy M54 5G,34999.0,85.0,Samsung,1,1,1,1,0,6,128.0,6000.0,25.0,6.67,1080.0,2412.0,1,64.0,3,2.84,large
Motorola Edge 30 Fusion 5G,39999.0,88.0,Motorola,1,1,1,1,1,8,128.0,4400.0,68.0,6.55,1080.0,2400.0,0,50.0,3,2.9,large
Realme C35,11828.0,70.0,Realme,1,0,1,1,0,4,64.0,5000.0,18.0,6.6,1080.0,2408.0,1,50.0,3,1.8,large
OPPO Reno 8 Pro House of Dragon Edition,45999.0,86.0,OPPO,1,1,1,1,1,12,256.0,4500.0,80.0,6.7,1080.0,2412.0,0,50.0,3,2.85,large
OnePlus Nord CE 3 Lite 5G,18999.0,81.0,OnePlus,1,1,1,1,0,6,128.0,5000.0,33.0,6.59,1080.0,2412.0,1,50.0,3,2.2,large
Poco X4 Pro 5G (8GB RAM + 128GB),17999.0,84.0,Poco,1,1,1,1,0,8,128.0,5000.0,67.0,6.67,1080.0,2400.0,1,64.0,3,2.2,large
Samsung Galaxy M04,8499.0,66.0,Samsung,1,0,1,1,0,4,64.0,5000.0,15.0,6.5,720.0,1600.0,1,13.0,2,2.3,large
OPPO A77s,17999.0,76.0,OPPO,1,0,1,1,0,8,128.0,5000.0,33.0,6.56,720.0,1600.0,1,50.0,2,2.4,large
Samsung Galaxy A13,14450.0,75.0,Samsung,1,0,1,1,0,4,64.0,5000.0,25.0,6.6,1080.0,2408.0,1,50.0,1,2.4,large
Motorola Moto G52 (6GB RAM + 128GB),12999.0,79.0,Motorola,1,0,1,1,1,6,128.0,5000.0,33.0,6.6,2460.0,1080.0,1,50.0,3,2.4,large
Poco M4 5G,11499.0,75.0,Poco,1,1,1,1,0,4,64.0,5000.0,18.0,6.58,1080.0,2400.0,1,50.0,2,2.2,large
Nothing Phone 1 (12GB RAM + 256GB),35999.0,87.0,Nothing,1,1,1,1,1,12,256.0,4500.0,33.0,6.55,1080.0,2400.0,0,50.0,2,2.5,large
Samsung Galaxy A54 5G,34999.0,76.0,Samsung,1,1,1,1,1,6,128.0,5000.0,25.0,6.4,1080.0,2400.0,1,50.0,3,2.4,medium
Tecno Pova 4,11999.0,73.0,Tecno,1,0,1,1,0,8,128.0,6000.0,18.0,6.82,720.0,1600.0,1,50.0,1,2.2,large
Xiaomi Redmi Note 12 Pro (8GB RAM + 256GB),27994.0,82.0,Xiaomi,1,1,1,1,0,8,256.0,5000.0,67.0,6.67,1080.0,2400.0,0,50.0,3,2.6,large
Apple iPhone 14 Pro Max (256GB),139990.0,77.0,Apple,1,1,1,1,1,6,256.0,4323.0,33.0,6.7,1290.0,2796.0,0,48.0,3,2.4,large
Vivo V25 Pro (12GB RAM + 256GB),39999.0,86.0,Vivo,1,1,1,1,0,12,256.0,4830.0,66.0,6.56,1080.0,2376.0,0,64.0,3,2.4,large
Realme 9 5G (6GB RAM + 128GB),15499.0,79.0,Realme,1,1,1,1,0,6,128.0,5000.0,18.0,6.5,1080.0,2400.0,1,48.0,3,2.4,large
Realme 9 Pro 5G,18999.0,80.0,Realme,1,1,1,1,0,6,128.0,5000.0,33.0,6.6,1080.0,2412.0,1,64.0,3,2.2,large
Lava Blaze 5G,10999.0,73.0,Lava,1,1,1,1,0,4,128.0,5000.0,33.0,6.5,1600.0,720.0,1,50.0,2,2.2,large
Honor X9a,27999.0,81.0,Honor,1,1,1,1,1,8,256.0,5100.0,40.0,6.67,1080.0,2400.0,0,64.0,3,2.2,large
Tecno Pova 3,9999.0,74.0,Tecno,1,0,1,1,0,4,64.0,7000.0,33.0,6.95,1080.0,2460.0,1,50.0,3,2.4,large
Vivo V23 Pro 5G,31994.0,85.0,Vivo,1,1,1,1,0,8,128.0,4300.0,44.0,6.56,1080.0,2376.0,0,108.0,4,2.4,large
Samsung Galaxy A04e,9299.0,65.0,Samsung,1,0,1,1,0,3,32.0,5000.0,33.0,6.5,720.0,1600.0,1,13.0,2,2.3,large
Xiaomi Redmi K60,29990.0,84.0,Xiaomi,1,1,1,1,1,8,128.0,5500.0,67.0,6.67,1440.0,3200.0,0,64.0,3,3.2,large
Realme 9 Pro Plus 5G,25900.0,78.0,Realme,1,1,1,1,0,6,128.0,4500.0,60.0,6.4,1080.0,2400.0,0,50.0,3,2.5,medium
Realme 9i 5G (6GB RAM + 128GB),16999.0,78.0,Realme,1,1,1,1,0,6,128.0,5000.0,18.0,6.6,1080.0,2408.0,1,50.0,3,2.4,large
Motorola Edge 30 5G (8GB RAM + 128GB),24999.0,85.0,Motorola,1,1,1,1,1,8,128.0,4020.0,33.0,6.5,1080.0,2400.0,0,50.0,3,2.5,large
Xiaomi Redmi Note 11 (6GB RAM + 64GB),12188.0,79.0,Xiaomi,1,0,1,1,0,6,64.0,5000.0,33.0,6.43,1080.0,2400.0,1,50.0,1,2.4,medium
POCO C31 (4GB RAM + 64GB),7499.0,68.0,POCO,1,0,1,1,0,4,64.0,5000.0,33.0,6.53,720.0,1600.0,1,13.0,3,2.3,large
Realme Narzo 50 5G,17999.0,79.0,Realme,1,1,1,1,0,6,128.0,5000.0,33.0,6.6,1080.0,2400.0,1,48.0,3,2.4,large
Realme GT Neo 3T,24999.0,79.0,Realme,1,1,1,1,0,6,128.0,5000.0,80.0,6.62,1080.0,2400.0,0,64.0,3,3.2,large
OPPO Reno 8 Pro 5G,45999.0,86.0,OPPO,1,1,1,1,1,12,256.0,4500.0,80.0,6.7,1080.0,2412.0,0,50.0,3,2.85,large
iQOO 11 Pro 5G,58990.0,89.0,iQOO,1,1,1,1,1,8,256.0,4700.0,200.0,6.78,1440.0,3200.0,0,50.0,3,3.2,large
Vivo T1x 4G,11999.0,74.0,Vivo,1,0,1,1,0,4,64.0,5000.0,18.0,6.58,1080.0,2408.0,1,50.0,2,2.4,large
Xiaomi Redmi 10 Power,11999.0,77.0,Xiaomi,1,0,1,1,0,8,128.0,6000.0,18.0,6.7,720.0,1650.0,1,50.0,2,2.4,large
OPPO A58,18990.0,76.0,OPPO,1,1,1,1,0,6,128.0,5000.0,33.0,6.56,720.0,1612.0,1,50.0,2,2.2,large
Vivo T1 44W,14499.0,77.0,Vivo,1,0,1,1,0,4,128.0,5000.0,44.0,6.44,1080.0,2408.0,1,50.0,3,2.4,medium
Vivo Y16 (3GB RAM + 64GB),10499.0,66.0,Vivo,1,0,1,1,0,3,64.0,5000.0,10.0,6.51,720.0,1600.0,1,13.0,2,2.3,large
OPPO Reno 8 Z,26990.0,86.0,OPPO,1,1,1,1,1,8,256.0,4500.0,33.0,6.43,1080.0,2400.0,1,64.0,3,2.2,medium
Vivo Y75 4G,19990.0,82.0,Vivo,1,0,1,1,0,8,128.0,4050.0,44.0,6.44,1080.0,2400.0,1,50.0,3,2.05,medium
Xiaomi Redmi Note 12 Explorer,24999.0,89.0,Xiaomi,1,1,1,1,1,8,256.0,4300.0,120.0,6.67,1080.0,2400.0,1,200.0,3,2.6,large
OPPO A57 4G (4GB RAM + 64 GB),13969.0,69.0,OPPO,1,0,1,1,0,4,64.0,5000.0,33.0,6.56,720.0,1612.0,1,13.0,2,2.3,large
Samsung Galaxy A75 5G,44999.0,83.0,Samsung,1,1,1,1,1,8,128.0,5000.0,67.0,6.7,1080.0,2412.0,1,108.0,1,2.4,large
Vivo T1 Pro 5G (8GB RAM + 128GB),24999.0,84.0,Vivo,1,1,1,1,0,8,128.0,4700.0,66.0,6.44,1080.0,2404.0,1,64.0,3,2.4,medium
Google Pixel 7 5G,53100.0,86.0,Google,1,1,1,1,1,8,128.0,4355.0,30.0,6.3,1080.0,2400.0,0,50.0,2,2.85,medium
Xiaomi Redmi Note 11T 5G (6GB RAM + 128GB),16999.0,81.0,Xiaomi,1,1,1,1,0,6,128.0,5000.0,33.0,6.6,1080.0,2400.0,1,50.0,2,2.4,large
OPPO F21s Pro 4G,21899.0,82.0,OPPO,1,0,1,1,0,8,128.0,4500.0,33.0,6.43,1080.0,2400.0,1,64.0,3,2.4,medium
Apple iPhone 14 (256GB),75999.0,82.0,Apple,1,1,1,1,1,6,256.0,3279.0,33.0,6.1,1170.0,2532.0,0,12.0,2,3.22,medium
Motorola Moto G73,25999.0,85.0,Motorola,1,1,1,1,1,8,256.0,5000.0,30.0,6.5,1080.0,2400.0,1,50.0,2,2.2,large
Nubia Red Magic 8 Pro 5G,46990.0,84.0,Nubia,1,1,1,1,1,8,128.0,6000.0,80.0,6.8,1116.0,2480.0,0,50.0,3,3.2,large
Motorola Moto G31,9999.0,75.0,Motorola,1,0,1,1,0,4,64.0,5000.0,20.0,6.47,1080.0,2400.0,1,50.0,3,2.4,medium
Tecno Phantom X2 Pro,49999.0,89.0,Tecno,1,1,1,1,1,12,256.0,5160.0,45.0,6.8,1080.0,2400.0,0,50.0,3,3.05,large
Infinix Zero 20,17999.0,87.0,Infinix,1,0,1,1,1,8,128.0,4500.0,45.0,6.7,1080.0,2400.0,1,108.0,3,2.2,large
iQOO Z6 5G (6GB RAM + 128GB),16940.0,80.0,iQOO,1,1,1,1,0,6,128.0,5000.0,18.0,6.58,1080.0,2408.0,1,50.0,3,2.2,large
Xiaomi Redmi Note 11 Pro 5G,17990.0,81.0,Xiaomi,1,1,1,1,0,6,64.0,5000.0,67.0,6.67,1080.0,2400.0,1,108.0,3,2.2,large
OPPO A1 Pro,20990.0,84.0,OPPO,1,1,1,1,1,8,128.0,4800.0,67.0,6.7,1080.0,2412.0,1,108.0,2,2.2,large
Samsung Galaxy S22 FE 5G,51999.0,79.0,Samsung,1,1,1,1,1,8,128.0,4200.0,33.0,6.4,1080.0,2400.0,0,32.0,3,2.4,medium
Samsung Galaxy S22 Plus 5G,64449.0,87.0,Samsung,1,1,1,1,1,8,128.0,4500.0,45.0,6.6,1080.0,2340.0,0,50.0,3,2.4,large
Vivo U3x,8990.0,71.0,Vivo,1,1,1,1,0,6,64.0,5000.0,18.0,6.58,1080.0,2408.0,0,13.0,2,2.4,large
Motorola Moto G23,19999.0,77.0,Motorola,1,0,1,1,1,4,128.0,5000.0,30.0,6.5,720.0,1600.0,1,50.0,3,2.4,large
Poco M4 5G (6GB RAM + 128GB),13499.0,79.0,Poco,1,1,1,1,0,6,128.0,5000.0,18.0,6.58,1080.0,2400.0,1,50.0,2,2.2,large
Tecno Pova 5G,15499.0,78.0,Tecno,1,1,1,1,0,8,128.0,6000.0,18.0,6.9,1080.0,2460.0,1,50.0,2,2.4,large
POCO C31,6499.0,65.0,POCO,1,0,1,1,0,3,32.0,5000.0,33.0,6.53,720.0,1600.0,1,13.0,3,2.3,large
Apple iPhone XR2,71999.0,60.0,Apple,1,0,1,1,1,4,64.0,3060.0,33.0,6.1,828.0,1792.0,0,12.0,2,2.4,medium
Samsung Galaxy A53 (8GB RAM + 256GB),36499.0,89.0,Samsung,1,1,1,1,1,8,256.0,5000.0,25.0,6.5,1080.0,2400.0,1,64.0,1,2.4,large
Infinix Note 12 5G,15999.0,78.0,Infinix,1,1,1,1,0,6,64.0,5000.0,33.0,6.7,1080.0,2400.0,1,50.0,2,2.4,large
OPPO Reno7 Pro 5G,31994.0,87.0,OPPO,1,1,1,1,1,12,256.0,4500.0,65.0,6.55,1080.0,2400.0,1,50.0,3,2.4,large
OnePlus Ace 2,34999.0,84.0,OnePlus,1,1,1,1,1,8,128.0,5000.0,100.0,6.7,1080.0,2412.0,0,50.0,3,3.2,large
Redmi Note 11 Pro 2023,18999.0,81.0,Redmi,1,0,1,1,0,6,128.0,5000.0,67.0,6.67,1080.0,2400.0,1,108.0,1,2.3,large
Nothing Phone 2,39990.0,88.0,Nothing,1,1,1,1,1,8,128.0,4700.0,66.0,6.67,1080.0,2400.0,0,50.0,3,3.2,large
Samsung Galaxy A32 (8GB RAM + 128GB),16499.0,82.0,Samsung,1,0,1,1,0,8,128.0,5000.0,15.0,6.4,1080.0,2400.0,1,64.0,1,2.4,medium
Google Pixel 6 Pro,54300.0,89.0,Google,1,1,1,1,1,12,128.0,5003.0,30.0,6.71,1440.0,3120.0,0,50.0,3,2.8,large
Infinix Note 12i (2022),9999.0,73.0,Infinix,1,0,1,1,0,4,64.0,5000.0,33.0,6.7,1080.0,2400.0,1,50.0,2,2.4,large
Xiaomi Redmi 11 Prime 5G (6GB RAM + 128GB),15990.0,77.0,Xiaomi,1,1,1,1,0,6,128.0,5000.0,18.0,6.58,1080.0,2408.0,1,50.0,2,2.2,large
Xiaomi Redmi Note 11 Pro Plus 5G (8GB RAM + 128GB),22700.0,86.0,Xiaomi,1,1,1,1,0,8,128.0,5000.0,67.0,6.67,1080.0,2400.0,1,108.0,3,2.2,large
Xiaomi 12 Pro 5G,50990.0,89.0,Xiaomi,1,1,1,1,1,8,256.0,4600.0,120.0,6.73,1440.0,3200.0,0,50.0,3,2.4,large
Apple iPhone 13 Mini,64900.0,79.0,Apple,1,1,1,1,1,4,128.0,2438.0,33.0,5.4,1080.0,2340.0,0,12.0,2,3.22,small
Tecno Pova 3 (6GB RAM + 128GB),13799.0,77.0,Tecno,1,0,1,1,0,6,128.0,7000.0,33.0,6.9,1080.0,2460.0,1,50.0,3,2.4,large
Realme C31 (4GB RAM + 64GB),8999.0,65.0,Realme,1,0,1,1,0,4,64.0,5000.0,33.0,6.52,720.0,1600.0,1,13.0,3,1.82,large
Asus ROG Phone 6 Pro 5G,89999.0,88.0,Asus,1,1,1,1,1,18,512.0,6000.0,65.0,6.78,1080.0,2448.0,0,50.0,3,3.2,large
Vivo V23e 5G,21994.0,84.0,Vivo,1,1,1,1,0,8,128.0,4050.0,44.0,6.44,1080.0,2400.0,1,50.0,3,2.4,medium
Apple iPhone 14 Mini,69990.0,70.0,Apple,1,0,1,1,1,6,128.0,3500.0,33.0,5.42,1080.0,2340.0,0,12.0,2,2.4,small
Xiaomi Redmi Note 10T 5G,12999.0,75.0,Xiaomi,1,1,1,1,0,4,64.0,5000.0,18.0,6.5,1080.0,2400.0,1,48.0,3,2.2,large
iQOO Neo 7 SE 5G,24990.0,83.0,iQOO,1,1,1,1,1,8,128.0,5000.0,120.0,6.78,1080.0,2400.0,0,64.0,3,3.1,large
Samsung Galaxy A23 (8GB RAM + 128GB),19990.0,82.0,Samsung,1,0,1,1,0,8,128.0,5000.0,25.0,6.6,1080.0,2408.0,1,50.0,1,2.4,large
Xiaomi Redmi Note 12 Pro (8GB RAM + 128GB),26999.0,82.0,Xiaomi,1,1,1,1,0,8,128.0,5000.0,67.0,6.67,1080.0,2400.0,0,50.0,3,2.6,large
Xiaomi Redmi Note 12 Turbo,19999.0,81.0,Xiaomi,1,1,1,1,1,8,128.0,5000.0,67.0,6.67,1080.0,2400.0,0,50.0,3,2.4,large
Infinix Note 12 Pro,16900.0,83.0,Infinix,1,0,1,1,0,8,256.0,5000.0,33.0,6.7,1080.0,2400.0,1,108.0,2,2.2,large
Infinix Hot 20 (6GB RAM+ 128GB),19999.0,78.0,Infinix,1,1,1,1,0,6,128.0,5000.0,18.0,6.6,1080.0,2408.0,1,50.0,1,2.4,large
Samsung Galaxy M13,12999.0,75.0,Samsung,1,0,1,1,0,6,128.0,6000.0,15.0,6.6,1080.0,2400.0,1,50.0,3,2.4,large
Poco M4 Pro 5G (8GB RAM + 128GB),15999.0,82.0,Poco,1,1,1,1,0,8,128.0,5000.0,33.0,6.6,1080.0,2400.0,1,50.0,2,2.4,large
Xiaomi Redmi Note 10S (8GB RAM + 128GB),13999.0,82.0,Xiaomi,1,0,1,1,0,8,128.0,5000.0,33.0,6.43,1080.0,2400.0,1,64.0,1,2.05,medium
Realme C11 2021 (4GB RAM + 64GB),7749.0,61.0,Realme,1,0,1,1,0,4,64.0,5000.0,33.0,6.52,720.0,1600.0,1,8.0,1,1.6,large
Samsung Galaxy A23 5G (8GB RAM + 128GB),24999.0,81.0,Samsung,1,1,1,1,0,8,128.0,5000.0,25.0,6.6,1080.0,2408.0,1,50.0,1,2.2,large
OPPO F21s Pro,25895.0,82.0,OPPO,1,1,1,1,0,8,128.0,4500.0,33.0,6.43,1080.0,2400.0,1,64.0,3,2.2,medium
Xiaomi 13 5G,46990.0,89.0,Xiaomi,1,1,1,1,1,8,128.0,4500.0,67.0,6.36,1080.0,2400.0,0,50.0,3,3.2,medium
Xiaomi Redmi 10A,7499.0,64.0,Xiaomi,1,0,1,1,0,3,32.0,5000.0,33.0,6.53,720.0,1600.0,1,13.0,1,2.4,large
Vivo Y01A,7790.0,60.0,Vivo,1,0,1,1,0,2,32.0,5000.0,10.0,6.51,720.0,1600.0,1,8.0,1,2.3,large
Xiaomi Redmi K50i (8GB RAM + 256GB),25999.0,85.0,Xiaomi,1,1,1,1,0,8,256.0,5080.0,67.0,6.6,1080.0,2460.0,0,64.0,3,2.85,large
Realme C30 (3GB RAM + 32GB),6299.0,60.0,Realme,1,0,1,1,0,3,32.0,5000.0,33.0,6.5,720.0,1600.0,1,8.0,1,1.82,large
Motorola Moto G51 5G,12999.0,77.0,Motorola,1,1,1,1,1,4,64.0,5000.0,33.0,6.8,1080.0,2400.0,1,50.0,3,2.2,large
Xiaomi Redmi 10 (6GB RAM + 128GB),11999.0,75.0,Xiaomi,1,0,1,1,0,6,128.0,6000.0,18.0,6.7,720.0,1600.0,1,50.0,2,2.4,large
Xiaomi Mi 11 Lite NE 5G,21890.0,83.0,Xiaomi,1,1,1,1,1,6,128.0,4250.0,33.0,6.55,1080.0,2400.0,1,64.0,3,2.4,large
OnePlus 10T (16GB RAM + 256GB),55999.0,87.0,OnePlus,1,1,1,1,1,16,256.0,4800.0,150.0,6.7,1080.0,2412.0,0,50.0,3,3.2,large
Samsung Galaxy A13 (4GB RAM + 128GB),14999.0,75.0,Samsung,1,0,1,1,0,4,128.0,5000.0,25.0,6.6,1080.0,2408.0,1,50.0,1,2.4,large
OPPO Reno7 5G,25994.0,85.0,OPPO,1,1,1,1,1,8,256.0,4500.0,65.0,6.43,1080.0,2400.0,1,64.0,3,2.4,medium
OnePlus 9RT 5G,42999.0,85.0,OnePlus,1,1,1,1,1,8,128.0,4500.0,33.0,6.62,1080.0,2400.0,0,50.0,3,2.84,large
Samsung Galaxy A53 5G (8GB RAM + 128GB),33499.0,89.0,Samsung,1,1,1,1,1,8,128.0,5000.0,25.0,6.5,1080.0,2400.0,1,64.0,1,2.4,large
Motorola Moto G71 5G,16999.0,80.0,Motorola,1,1,1,1,1,6,128.0,5000.0,33.0,6.4,1080.0,2400.0,0,50.0,3,2.2,medium
Samsung Galaxy M13 5G (4GB RAM + 64GB),12944.0,71.0,Samsung,1,1,1,1,0,4,64.0,5000.0,15.0,6.5,720.0,1600.0,1,50.0,2,2.2,large
POCO X5 GT,29990.0,84.0,POCO,1,1,1,1,1,8,128.0,5000.0,80.0,6.7,1080.0,2400.0,0,64.0,3,3.2,large
Honor X9 5G,16999.0,80.0,Honor,1,1,1,1,1,8,128.0,4800.0,66.0,6.81,1080.0,2388.0,0,48.0,3,2.2,large
iQOO 11 (16GB RAM + 256GB),64999.0,89.0,iQOO,1,1,1,1,1,16,256.0,5000.0,120.0,6.78,1440.0,3200.0,0,50.0,3,3.2,large
Apple iPhone 14 Plus (256GB),84999.0,83.0,Apple,1,1,1,1,1,6,256.0,4325.0,33.0,6.7,1284.0,2778.0,0,12.0,2,3.22,large
Samsung Galaxy A33 5G (8GB RAM + 128GB),27499.0,85.0,Samsung,1,1,1,1,1,8,128.0,5000.0,25.0,6.4,1080.0,2400.0,1,48.0,1,2.4,medium
Tecno Spark 9,8999.0,69.0,Tecno,1,0,1,1,0,6,128.0,5000.0,33.0,6.6,720.0,1600.0,1,13.0,1,2.3,large
Google Pixel 6,40480.0,84.0,Google,1,1,1,1,1,8,128.0,4614.0,30.0,6.4,1080.0,2400.0,0,50.0,2,2.8,medium
Xiaomi Redmi Note 10 Pro (6GB RAM + 128GB),17999.0,81.0,Xiaomi,1,0,1,1,0,6,128.0,5020.0,33.0,6.67,1080.0,2400.0,1,64.0,1,2.3,large
Infinix Hot 20 Play,8999.0,67.0,Infinix,1,0,1,1,0,4,64.0,6000.0,18.0,6.82,720.0,1640.0,1,13.0,1,2.3,large
Vivo T1x (6GB RAM + 128GB),14999.0,77.0,Vivo,1,0,1,1,0,6,128.0,5000.0,18.0,6.58,1080.0,2408.0,1,50.0,2,2.4,large
OPPO F23 Pro,19990.0,82.0,OPPO,1,1,1,1,0,8,128.0,4500.0,33.0,6.5,1080.0,2400.0,1,64.0,3,2.2,large
iQOO Z6 Pro 5G (8GB RAM + 128GB),23399.0,80.0,iQOO,1,1,1,1,0,8,128.0,4700.0,66.0,6.44,1080.0,2404.0,0,64.0,3,2.4,medium
Realme 9 5G SE (8GB RAM + 128GB),22998.0,82.0,Realme,1,1,1,1,0,8,128.0,5000.0,30.0,6.6,1080.0,2412.0,1,48.0,3,2.4,large
Poco F4 5G,25999.0,82.0,Poco,1,1,1,1,1,6,128.0,4500.0,67.0,6.67,1080.0,2400.0,0,64.0,3,3.2,large
Infinix Note 12,11700.0,74.0,Infinix,1,0,1,1,0,4,64.0,5000.0,33.0,6.7,2400.0,1080.0,1,50.0,2,2.4,large
Motorola Moto G60,15999.0,84.0,Motorola,1,0,1,1,1,6,128.0,6000.0,20.0,6.78,1080.0,2460.0,1,108.0,3,2.3,large
OnePlus 9 Pro,64800.0,89.0,OnePlus,1,1,1,1,1,8,128.0,4500.0,65.0,6.7,1440.0,3216.0,0,48.0,1,2.84,large
Xiaomi Redmi Note 11S,14590.0,80.0,Xiaomi,1,0,1,1,0,6,64.0,5000.0,33.0,6.43,1080.0,2400.0,1,108.0,1,2.05,medium
Xiaomi Redmi 9 Activ,7499.0,68.0,Xiaomi,1,0,1,1,0,4,64.0,5000.0,33.0,6.53,720.0,1600.0,1,13.0,2,2.3,large
Tecno Camon 19 Pro 5G,21999.0,82.0,Tecno,1,1,1,1,1,8,128.0,5000.0,33.0,6.8,1080.0,2460.0,0,64.0,3,2.4,large
Samsung Galaxy A04,11999.0,71.0,Samsung,1,0,1,1,0,4,64.0,5000.0,33.0,6.5,720.0,1600.0,1,50.0,2,2.3,large
POCO M4 Pro 4G (6GB RAM + 128GB),12999.0,79.0,POCO,1,0,1,1,0,6,128.0,5000.0,33.0,6.43,1080.0,2400.0,1,64.0,3,2.05,medium
OnePlus Nord N20 5G,20990.0,81.0,OnePlus,1,1,1,1,1,6,128.0,4500.0,33.0,6.43,1080.0,2400.0,1,64.0,3,2.2,medium
Apple iPhone 13 (256GB),72999.0,79.0,Apple,1,1,1,1,1,4,256.0,3240.0,33.0,6.1,1170.0,2532.0,0,12.0,2,3.22,medium
Motorola Moto G53,21999.0,79.0,Motorola,1,1,1,1,1,4,128.0,5000.0,10.0,6.5,720.0,1600.0,1,50.0,2,2.2,large
Motorola Moto G22,9499.0,75.0,Motorola,1,0,1,1,0,4,64.0,5000.0,20.0,6.53,720.0,1600.0,1,50.0,1,2.3,large
Xiaomi Redmi 9i Sport,7499.0,66.0,Xiaomi,1,0,1,1,0,4,64.0,5000.0,10.0,6.53,720.0,1600.0,1,13.0,1,2.4,large
Vivo Y93,18000.0,62.0,Vivo,1,0,1,1,0,4,32.0,4030.0,33.0,6.2,1520.0,720.0,1,13.0,2,2.4,medium
Xiaomi Redmi K60 Pro,38999.0,85.0,Xiaomi,1,1,1,1,1,8,128.0,5000.0,120.0,6.67,1440.0,3200.0,0,54.0,3,3.2,large
Vivo Y22s,14990.0,77.0,Vivo,1,0,1,1,0,8,128.0,5000.0,18.0,6.55,1612.0,720.0,1,50.0,2,2.4,large
OPPO A77,15499.0,70.0,OPPO,1,0,1,1,0,4,64.0,5000.0,33.0,6.56,720.0,1600.0,1,50.0,1,2.3,large
Xiaomi Redmi 10A Sport,9999.0,69.0,Xiaomi,1,0,1,1,0,6,128.0,5000.0,33.0,6.53,720.0,1600.0,1,13.0,1,2.4,large
Poco F4 (12GB RAM + 256GB),29999.0,86.0,Poco,1,1,1,1,1,12,256.0,4500.0,67.0,6.67,1080.0,2400.0,0,64.0,3,3.2,large
Realme 9 4G (8GB RAM + 128GB),15999.0,84.0,Realme,1,0,1,1,0,8,128.0,5000.0,33.0,6.4,1080.0,2400.0,1,108.0,3,2.4,medium
Xiaomi 12T Pro 5G,59990.0,89.0,Xiaomi,1,1,1,1,1,8,128.0,5000.0,120.0,6.67,1220.0,2712.0,0,200.0,3,3.2,large
iQOO 9 5G,34990.0,84.0,iQOO,1,1,1,1,0,8,128.0,4350.0,120.0,6.56,1080.0,2376.0,0,48.0,3,2.9,large
Samsung Galaxy S24 Ultra,119990.0,85.0,Samsung,1,1,1,1,0,12,256.0,5100.0,45.0,6.83,1200.0,2860.0,0,200.0,1,2.4,large
OnePlus 10T (12GB RAM + 256GB),50999.0,87.0,OnePlus,1,1,1,1,1,12,256.0,4800.0,150.0,6.7,1080.0,2412.0,0,50.0,3,3.2,large
Tecno Spark 9 (4GB RAM + 64GB),7999.0,65.0,Tecno,1,0,1,1,0,4,64.0,5000.0,33.0,6.6,720.0,1600.0,1,13.0,1,2.3,large
Samsung Galaxy S21 FE 5G (8GB RAM + 256GB),43999.0,88.0,Samsung,1,1,1,1,1,8,256.0,4500.0,25.0,6.4,1080.0,2340.0,0,32.0,3,2.9,medium
Xiaomi Redmi Note 11T 5G (8GB RAM + 128GB),18499.0,83.0,Xiaomi,1,1,1,1,0,8,128.0,5000.0,33.0,6.6,1080.0,2400.0,1,50.0,2,2.4,large
Vivo V21 Pro,32999.0,85.0,Vivo,1,1,1,1,0,8,128.0,4300.0,33.0,6.44,1080.0,2400.0,0,64.0,2,2.4,medium
Poco X3,13499.0,80.0,Poco,1,0,1,1,0,6,64.0,6000.0,33.0,6.67,1080.0,2400.0,1,64.0,1,2.3,large
Samsung Galaxy S20 FE,35489.0,86.0,Samsung,1,0,1,1,1,8,128.0,4500.0,25.0,6.5,1080.0,2400.0,1,32.0,3,2.73,large
Google Pixel 4,20120.0,78.0,Google,1,0,1,1,1,6,64.0,2800.0,33.0,5.7,1080.0,2280.0,0,16.0,2,2.8,small
Samsung Galaxy S10 Plus,42999.0,81.0,Samsung,1,0,1,1,1,8,128.0,4100.0,15.0,6.4,1440.0,3040.0,1,16.0,4,2.7,medium
Realme 11 Pro Plus,24999.0,78.0,Realme,1,1,1,1,0,6,128.0,4200.0,66.0,6.4,1080.0,2400.0,0,50.0,3,2.2,medium
OPPO F21 Pro 4G,20999.0,82.0,OPPO,1,0,1,1,0,8,128.0,4500.0,33.0,6.5,1080.0,2400.0,1,64.0,3,2.4,large
Realme GT 2 5G,28994.0,84.0,Realme,1,1,1,1,1,8,128.0,5000.0,65.0,6.62,1080.0,2400.0,0,50.0,3,2.84,large
Samsung Galaxy S21,48900.0,88.0,Samsung,1,1,1,1,1,8,128.0,4000.0,25.0,6.2,1080.0,2400.0,0,64.0,3,2.9,medium
Samsung Galaxy A71,22494.0,86.0,Samsung,1,0,1,1,0,8,128.0,4500.0,25.0,6.7,1080.0,2400.0,1,64.0,1,2.2,large
Vivo Y02s,8990.0,61.0,Vivo,1,0,1,1,0,3,32.0,5000.0,10.0,6.51,720.0,1600.0,1,8.0,1,2.3,large
Tecno Spark 8C (4GB RAM + 64GB),8890.0,63.0,Tecno,1,0,1,1,0,4,64.0,5000.0,33.0,6.6,720.0,1612.0,1,13.0,1,2.4,large
iQOO Z6 5G (8GB RAM + 128GB),18498.0,82.0,iQOO,1,1,1,1,0,8,128.0,5000.0,18.0,6.58,1080.0,2408.0,1,50.0,3,2.2,large
Vivo T1 Pro,23999.0,81.0,Vivo,1,1,1,1,0,6,128.0,4700.0,66.0,6.44,1080.0,2404.0,1,64.0,3,2.4,medium
Realme 9 Pro Plus 5G (8GB RAM + 128GB),22994.0,81.0,Realme,1,1,1,1,0,8,128.0,4500.0,60.0,6.4,1080.0,2400.0,0,50.0,3,2.5,medium
Samsung Galaxy A04s,12990.0,71.0,Samsung,1,0,1,1,0,4,64.0,5000.0,15.0,6.5,720.0,1600.0,1,50.0,3,2.4,large
Realme 9i (6GB RAM + 128GB),14999.0,78.0,Realme,1,0,1,1,0,6,128.0,5000.0,33.0,6.6,1080.0,2412.0,1,50.0,3,2.4,large
Realme 8 5G (8GB RAM + 128GB),18499.0,80.0,Realme,1,1,1,1,0,8,128.0,5000.0,18.0,6.5,1080.0,2400.0,1,48.0,3,2.2,large
OPPO F19,14990.0,78.0,OPPO,1,0,1,1,0,6,128.0,5000.0,33.0,6.4,1080.0,2400.0,1,48.0,3,2.4,medium
Samsung Galaxy M32 Prime Edition,12120.0,75.0,Samsung,1,0,1,1,0,4,64.0,6000.0,15.0,6.4,1080.0,2400.0,1,64.0,1,2.4,medium
Oukitel WP19,29990.0,84.0,Oukitel,1,0,1,1,1,8,256.0,21000.0,33.0,6.78,1080.0,2400.0,1,64.0,3,2.4,large
Realme 9 Pro 5G (8GB RAM + 128GB),20999.0,82.0,Realme,1,1,1,1,0,8,128.0,5000.0,33.0,6.6,1080.0,2412.0,1,64.0,3,2.2,large
Xiaomi Redmi Note 10 Lite (6GB RAM + 128GB),11999.0,80.0,Xiaomi,1,0,1,1,0,6,128.0,5020.0,18.0,6.67,1080.0,2400.0,1,48.0,1,2.3,large
Samsung Galaxy A13 5G,17990.0,73.0,Samsung,1,1,1,1,1,4,64.0,5000.0,15.0,6.5,720.0,1600.0,1,50.0,3,2.2,large
Xiaomi Redmi Note 11 5G,14990.0,77.0,Xiaomi,1,1,1,1,0,4,128.0,5000.0,33.0,6.6,1080.0,2400.0,1,50.0,2,2.4,large
Realme GT Neo 5,34999.0,83.0,Realme,1,1,1,1,1,8,128.0,4600.0,240.0,6.7,1080.0,2412.0,0,50.0,3,3.2,large
Apple iPhone 15 Ultra,149900.0,79.0,Apple,1,1,1,1,1,8,128.0,4700.0,33.0,6.73,1290.0,2796.0,0,48.0,3,2.4,large
Realme 9i (4GB RAM + 128GB),13999.0,75.0,Realme,1,0,1,1,0,4,128.0,5000.0,33.0,6.6,1080.0,2412.0,1,50.0,3,2.4,large
Xiaomi Redmi Note 11T 5G,16999.0,79.0,Xiaomi,1,1,1,1,0,6,64.0,5000.0,33.0,6.6,1080.0,2400.0,1,50.0,2,2.4,large
OPPO Reno 6 Pro 5G,36760.0,87.0,OPPO,1,1,1,1,1,12,256.0,4500.0,65.0,6.55,1080.0,2400.0,0,64.0,1,2.4,large
Xiaomi Mi 11i 5G,23499.0,81.0,Xiaomi,1,1,1,1,0,6,128.0,5160.0,67.0,6.67,2400.0,1080.0,1,108.0,3,2.5,large
Asus ROG Phone 7,75990.0,87.0,Asus,1,1,1,1,1,18,256.0,6000.0,120.0,6.8,1080.0,2448.0,0,64.0,3,3.2,large
Oppo A77 5G,21990.0,76.0,Oppo,1,1,1,1,0,6,128.0,5000.0,33.0,6.56,720.0,1600.0,1,48.0,2,2.4,large
Realme 9 5G SE,18999.0,80.0,Realme,1,1,1,1,0,6,128.0,5000.0,30.0,6.6,1080.0,2412.0,1,48.0,3,2.4,large
Samsung Galaxy A03,7249.0,66.0,Samsung,1,0,1,1,0,3,32.0,5000.0,15.0,6.5,720.0,1560.0,1,48.0,2,1.6,large
OnePlus Nord N200,16990.0,75.0,OnePlus,1,1,1,1,1,4,64.0,5000.0,18.0,6.49,1080.0,2400.0,1,16.0,3,2.4,medium
Xiaomi Mi 11X,23890.0,80.0,Xiaomi,1,1,1,1,0,6,128.0,4520.0,33.0,6.67,1080.0,2400.0,0,48.0,3,3.2,large
OPPO Reno 6,26380.0,83.0,OPPO,1,1,1,1,1,8,128.0,4300.0,65.0,6.43,1080.0,2400.0,0,64.0,3,2.4,medium
Realme X50 Pro 5G (12GB RAM + 256GB),27999.0,87.0,Realme,1,1,1,1,1,12,256.0,4200.0,65.0,6.44,1080.0,2400.0,0,64.0,2,2.84,medium
Xiaomi Redmi 10A (6GB RAM + 128GB),10850.0,70.0,Xiaomi,1,0,1,1,0,6,128.0,5000.0,33.0,6.53,720.0,1600.0,1,13.0,1,2.4,large
Redmi Note 12 Pro Speed Edition,19999.0,81.0,Redmi,1,1,1,1,1,6,128.0,5000.0,67.0,6.67,1080.0,2400.0,0,108.0,3,2.4,large
Apple iPhone 14 Pro (256GB),129990.0,76.0,Apple,1,1,1,1,1,6,256.0,3200.0,33.0,6.1,1179.0,2556.0,0,48.0,3,2.4,medium
Motorola Moto G72,19990.0,81.0,Motorola,1,1,1,1,1,6,128.0,5000.0,33.0,6.5,1080.0,2400.0,0,108.0,3,2.2,large
Honor 70 5G,39990.0,88.0,Honor,1,1,1,1,1,12,512.0,4800.0,66.0,6.67,1080.0,2400.0,0,54.0,3,2.5,large
Vivo V23 Pro 5G (12GB RAM + 256GB),36994.0,87.0,Vivo,1,1,1,1,0,12,256.0,4300.0,44.0,6.56,1080.0,2376.0,0,108.0,4,2.4,large
OPPO A55 4G (6GB RAM + 128GB),14700.0,76.0,OPPO,1,0,1,1,0,6,128.0,5000.0,18.0,6.51,720.0,1600.0,1,50.0,3,2.3,large
Xiaomi Mi 11T Pro 5G,34990.0,86.0,Xiaomi,1,1,1,1,1,8,128.0,5000.0,120.0,6.67,1080.0,2400.0,0,108.0,3,2.84,large
Nokia X50 5G,34999.0,76.0,Nokia,0,1,1,1,0,6,64.0,6000.0,33.0,6.81,1080.0,2400.0,1,108.0,1,2.4,large
Xiaomi Redmi Note 10,13990.0,75.0,Xiaomi,1,0,1,1,0,4,64.0,5000.0,33.0,6.43,1080.0,2400.0,1,48.0,1,2.2,medium
Vertu Signature Touch,650000.0,62.0,Vertu,0,0,0,1,1,2,64.0,2275.0,33.0,4.7,1080.0,1920.0,0,13.0,1,1.5,small
Samsung Galaxy M32 Prime Edition (6GB RAM + 128GB),14859.0,79.0,Samsung,1,0,1,1,0,6,128.0,6000.0,15.0,6.4,1080.0,2400.0,1,64.0,1,2.4,medium
Tecno Camon 19 Pro Mondrian Edition,17999.0,84.0,Tecno,1,0,1,1,1,8,128.0,5000.0,33.0,6.8,1080.0,2460.0,1,64.0,3,2.05,large
Poco F5,34990.0,85.0,Poco,1,1,1,1,1,8,128.0,4700.0,67.0,6.7,1080.0,2400.0,0,64.0,3,3.2,large
BLU F91 5G,14990.0,85.0,BLU,1,1,1,1,1,8,128.0,5000.0,33.0,6.8,1080.0,2460.0,1,48.0,1,2.4,large
OPPO A16e,8999.0,65.0,OPPO,1,0,1,1,0,3,32.0,4230.0,33.0,6.52,720.0,1600.0,1,13.0,1,2.4,large
Motorola Moto E32,8999.0,71.0,Motorola,1,0,1,1,0,4,64.0,5000.0,10.0,6.5,720.0,1600.0,1,50.0,2,2.3,large
Xiaomi Redmi Note 11S (8GB RAM + 128GB),15824.0,84.0,Xiaomi,1,0,1,1,0,8,128.0,5000.0,33.0,6.43,1080.0,2400.0,1,108.0,1,2.05,medium
Samsung Galaxy A52 (8GB RAM + 128GB),22494.0,86.0,Samsung,1,0,1,1,0,8,128.0,4500.0,25.0,6.5,1080.0,2400.0,1,64.0,1,2.3,large
Poco X3 Pro,19650.0,82.0,Poco,1,0,1,1,0,6,128.0,5160.0,33.0,6.67,1080.0,2400.0,1,48.0,1,2.96,large
Xiaomi Redmi 9A,6999.0,61.0,Xiaomi,1,0,1,1,0,2,32.0,5000.0,33.0,6.53,720.0,1600.0,1,13.0,1,2.4,large
Samsung Galaxy A32,16499.0,80.0,Samsung,1,0,1,1,0,6,128.0,5000.0,15.0,6.4,1080.0,2400.0,1,64.0,1,2.4,medium
Motorola Moto G13,15999.0,75.0,Motorola,1,0,1,1,1,4,128.0,5000.0,10.0,6.5,720.0,1600.0,1,50.0,3,2.4,large
Asus ROG Phone 6 Batman Edition,72999.0,88.0,Asus,1,1,1,1,1,16,256.0,6000.0,65.0,6.78,1080.0,2448.0,0,50.0,3,3.2,large
Xiaomi Redmi Note 12 Pro Plus (6GB RAM + 128GB),26999.0,84.0,Xiaomi,1,1,1,1,0,6,128.0,4980.0,120.0,6.67,1080.0,2400.0,0,200.0,3,2.6,large
Realme C35 (4GB RAM + 128GB),12787.0,71.0,Realme,1,0,1,1,0,4,128.0,5000.0,18.0,6.6,1080.0,2408.0,1,50.0,3,1.8,large
Infinix Hot 12,9999.0,72.0,Infinix,1,0,1,1,0,4,64.0,6000.0,18.0,6.82,720.0,1640.0,1,50.0,2,2.3,large
Vivo X80 5G,54999.0,86.0,Vivo,1,1,1,1,0,8,128.0,4500.0,80.0,6.78,1080.0,2400.0,0,50.0,3,3.05,large
Vivo Y53s,15490.0,79.0,Vivo,1,0,1,1,0,8,128.0,5000.0,19.0,6.58,1080.0,2408.0,1,64.0,3,2.4,large
Tecno Phantom X,25999.0,84.0,Tecno,1,0,1,1,0,8,256.0,4700.0,33.0,6.7,1080.0,2340.0,0,50.0,4,2.05,large
Samsung Galaxy M04 (4GB RAM + 128GB),9499.0,68.0,Samsung,1,0,1,1,0,4,128.0,5000.0,15.0,6.5,720.0,1600.0,1,13.0,2,2.3,large
Redmi 12C,7999.0,70.0,Redmi,1,0,1,1,0,4,64.0,5000.0,33.0,6.71,720.0,1650.0,1,50.0,1,2.4,large
Asus ZenFone 9,63990.0,86.0,Asus,1,1,1,1,1,8,128.0,4300.0,30.0,5.9,1080.0,2400.0,0,50.0,2,3.2,small
Sony Xperia L5 5G,15990.0,73.0,Sony,0,0,1,1,1,4,64.0,4000.0,33.0,6.2,720.0,1680.0,1,13.0,3,2.3,medium
iQOO 9 SE 5G (12GB RAM + 256GB),34949.0,85.0,iQOO,1,1,1,1,1,12,256.0,4500.0,66.0,6.62,1080.0,2400.0,0,48.0,3,2.84,large
Tecno Spark 8 Pro,8799.0,72.0,Tecno,1,0,1,1,0,4,64.0,5000.0,33.0,6.8,1080.0,2460.0,1,48.0,1,2.4,large
Xiaomi Redmi 10 Prime,12390.0,74.0,Xiaomi,1,0,1,1,0,4,64.0,6000.0,18.0,6.5,1080.0,2400.0,1,50.0,1,2.4,large
Samsung Galaxy F22,11499.0,73.0,Samsung,1,0,1,1,0,4,64.0,6000.0,33.0,6.4,720.0,1600.0,1,48.0,1,2.4,medium
OPPO Reno 10 Pro,42990.0,86.0,OPPO,1,1,1,1,1,16,256.0,5000.0,120.0,6.73,1080.0,2412.0,0,50.0,2,3.05,large
Nubia Z50,34999.0,82.0,Nubia,1,1,1,1,1,8,128.0,5000.0,80.0,6.67,1080.0,2400.0,0,64.0,2,3.2,large
Samsung Galaxy F13 (4GB RAM + 128GB),11999.0,75.0,Samsung,1,0,1,1,1,4,128.0,6000.0,15.0,6.6,2408.0,1080.0,1,50.0,3,2.4,large
Nokia G11 Plus,10499.0,70.0,Nokia,1,0,1,1,0,4,64.0,5000.0,10.0,6.52,720.0,1600.0,1,50.0,2,1.6,large
Infinix Hot 12 Play,8910.0,66.0,Infinix,1,0,1,1,0,4,64.0,6000.0,18.0,6.82,1640.0,720.0,1,13.0,1,1.82,large
Vivo T2 5G,24990.0,85.0,Vivo,1,1,1,1,0,8,128.0,4700.0,80.0,6.62,1080.0,2400.0,1,64.0,3,3.2,large
OPPO Reno7 Z 5G,17999.0,84.0,OPPO,1,1,1,1,1,8,128.0,4500.0,33.0,6.43,1080.0,2400.0,1,64.0,3,2.2,medium
Xiaomi Mi 11 Lite NE 5G (8GB RAM + 128GB),22999.0,86.0,Xiaomi,1,1,1,1,1,8,128.0,4250.0,33.0,6.55,1080.0,2400.0,1,64.0,3,2.4,large
Infinix Zero X Pro,21990.0,85.0,Infinix,1,1,1,1,0,8,128.0,4500.0,45.0,6.67,1080.0,2400.0,1,108.0,3,2.05,large
Samsung Galaxy M32,12364.0,76.0,Samsung,1,0,1,1,0,4,64.0,6000.0,15.0,6.4,1080.0,2400.0,1,64.0,1,2.4,medium
Samsung Galaxy A82 5G,39990.0,86.0,Samsung,1,1,1,1,1,6,128.0,4500.0,25.0,6.71,1440.0,3200.0,1,64.0,3,2.96,large
Xiaomi Poco F1,11999.0,77.0,Xiaomi,1,0,1,1,0,6,64.0,4000.0,33.0,6.18,1080.0,2246.0,1,20.0,2,2.8,medium
Lyf Earth 1,3990.0,60.0,Lyf,1,0,1,1,0,3,32.0,3500.0,33.0,5.5,1080.0,1920.0,1,13.0,2,1.5,small
Motorola Moto E13,10499.0,65.0,Motorola,1,0,1,1,0,2,64.0,5000.0,10.0,6.5,720.0,1600.0,1,13.0,1,2.4,large
Huawei Mate 50 RS Porsche Design,239999.0,81.0,Huawei,1,0,1,1,1,512,512.0,4700.0,66.0,6.74,1212.0,2616.0,1,50.0,3,3.2,large
Samsung Galaxy F63,21999.0,84.0,Samsung,1,1,1,1,1,6,128.0,7000.0,33.0,6.7,1080.0,2400.0,1,64.0,1,2.4,large
iQOO Z6 4G (6GB RAM + 128GB),15999.0,80.0,iQOO,1,0,1,1,0,6,128.0,5000.0,44.0,6.44,1080.0,2400.0,1,50.0,3,2.4,medium
Sony Xperia 5 II,69990.0,86.0,Sony,1,1,1,1,1,8,128.0,4000.0,21.0,6.1,1080.0,2520.0,1,12.0,3,2.84,medium
Vivo Y3 (4GB RAM + 128GB),12990.0,71.0,Vivo,1,0,1,1,0,4,128.0,5000.0,33.0,6.35,720.0,1544.0,1,16.0,3,2.3,medium
Tecno Pova 4 Pro,15999.0,74.0,Tecno,1,0,1,1,0,8,256.0,6000.0,45.0,6.66,720.0,1600.0,1,50.0,1,2.2,large
Huawei Nova 10 SE,23999.0,84.0,Huawei,1,0,1,1,1,8,256.0,4500.0,66.0,6.67,1080.0,2160.0,1,108.0,3,2.4,large
Vivo T1x (4GB RAM + 128GB),12999.0,75.0,Vivo,1,0,1,1,0,4,128.0,5000.0,18.0,6.58,1080.0,2408.0,1,50.0,2,2.4,large
Nubia Red Magic 7S Pro,60990.0,86.0,Nubia,1,1,1,1,1,12,256.0,5000.0,135.0,6.8,1080.0,2400.0,0,64.0,3,3.2,large
Motorola Moto E32s (4GB RAM + 64GB),8859.0,67.0,Motorola,1,0,1,1,0,4,64.0,5000.0,18.0,6.5,720.0,1600.0,1,16.0,3,1.8,large
iQOO Neo 6 5G (12GB RAM + 256GB),33749.0,84.0,iQOO,1,1,1,1,0,12,256.0,4700.0,80.0,6.62,1080.0,2400.0,0,64.0,3,3.2,large
Samsung Galaxy A15,15990.0,63.0,Samsung,1,0,1,1,0,6,64.0,5000.0,33.0,6.5,720.0,1600.0,1,48.0,3,2.4,large
POCO X4 GT 5G,24990.0,84.0,POCO,1,1,1,1,1,8,128.0,5080.0,67.0,6.6,1080.0,2460.0,0,64.0,3,2.85,large
Realme Narzo 50 5G (4GB RAM + 128GB),14999.0,76.0,Realme,1,1,1,1,0,4,128.0,5000.0,33.0,6.6,1080.0,2400.0,1,48.0,3,2.4,large
Vivo Y77 5G,17990.0,76.0,Vivo,1,1,1,1,0,6,128.0,4500.0,80.0,6.64,1080.0,2388.0,1,50.0,2,2.2,large
Honor 60 SE 5G,24990.0,75.0,Honor,1,1,1,1,0,8,128.0,4300.0,66.0,6.67,1080.0,2340.0,0,64.0,3,2.4,large
Xiaomi Redmi 11 Prime,11600.0,74.0,Xiaomi,1,0,1,1,0,4,64.0,5000.0,18.0,6.58,1080.0,2400.0,1,50.0,3,2.2,large
Realme C31,8299.0,62.0,Realme,1,0,1,1,0,3,32.0,5000.0,33.0,6.52,720.0,1600.0,1,13.0,3,1.82,large
Motorola Moto G31 (6GB RAM+ 128GB),11999.0,78.0,Motorola,1,0,1,1,0,6,128.0,5000.0,20.0,6.47,1080.0,2400.0,1,50.0,3,2.4,medium
OnePlus 6 (8GB RAM + 128GB),27999.0,77.0,OnePlus,1,0,1,1,1,8,128.0,3300.0,33.0,6.28,1080.0,2280.0,0,20.0,2,2.8,medium
Xiaomi Redmi A1 Plus,7289.0,60.0,Xiaomi,1,0,1,1,0,2,32.0,5000.0,10.0,6.52,720.0,1600.0,1,8.0,2,2.4,large
Honor 70 5G (8GB RAM + 256GB),30990.0,86.0,Honor,1,1,1,1,1,8,256.0,4800.0,66.0,6.67,1080.0,2400.0,0,54.0,3,2.5,large
Realme Narzo 50 (6GB RAM + 128GB),15499.0,77.0,Realme,1,0,1,1,0,6,128.0,5000.0,33.0,6.6,1080.0,2412.0,1,50.0,3,2.4,large
Vivo Y15s,8499.0,66.0,Vivo,1,0,1,1,0,3,32.0,5000.0,33.0,6.51,720.0,1600.0,1,13.0,2,2.3,large
Samsung Galaxy M32 (6GB RAM + 128GB),14490.0,80.0,Samsung,1,0,1,1,0,6,128.0,6000.0,15.0,6.4,1080.0,2400.0,1,64.0,1,2.4,medium
Samsung Galaxy F42 5G,15490.0,80.0,Samsung,1,1,1,1,0,6,128.0,5000.0,15.0,6.6,1080.0,2408.0,1,64.0,3,2.2,large
Realme Q5 5G,14990.0,78.0,Realme,1,1,1,1,0,6,128.0,5000.0,60.0,6.6,1080.0,2412.0,1,50.0,3,2.2,large
POCO M3 Pro 5G,15999.0,75.0,POCO,1,1,1,1,0,4,64.0,5000.0,18.0,6.5,1080.0,2400.0,1,48.0,3,2.2,large
Xiaomi Redmi Note 12 Discovery Edition,26990.0,86.0,Xiaomi,1,1,1,1,1,8,256.0,4300.0,210.0,6.67,1080.0,2400.0,0,200.0,3,2.6,large
Samsung Galaxy M13 (4GB RAM + 64GB),10630.0,71.0,Samsung,1,0,1,1,0,4,64.0,6000.0,15.0,6.6,1080.0,2400.0,1,50.0,3,2.4,large
Oppo Reno 8 Pro (8GB RAM + 256GB),42990.0,85.0,Oppo,1,1,1,1,1,8,256.0,4500.0,80.0,6.7,1080.0,2412.0,0,50.0,3,2.85,large
Vivo Y78 5G,24990.0,77.0,Vivo,1,1,1,1,0,8,128.0,4500.0,33.0,6.58,1080.0,2400.0,0,50.0,3,2.4,large
iQOO Z6 4G,14489.0,77.0,iQOO,1,0,1,1,0,4,128.0,5000.0,44.0,6.44,1080.0,2400.0,1,50.0,3,2.4,medium
OPPO A76,16490.0,73.0,OPPO,1,0,1,1,0,6,128.0,5000.0,33.0,6.56,720.0,1612.0,1,13.0,2,2.4,large
Realme 9 Pro Plus 5G (8GB RAM + 256GB),24494.0,82.0,Realme,1,1,1,1,0,8,256.0,4500.0,60.0,6.4,1080.0,2400.0,0,50.0,3,2.5,medium
Vivo Y01,7999.0,61.0,Vivo,1,0,1,1,0,2,32.0,5000.0,33.0,6.51,720.0,1600.0,1,8.0,1,2.3,large
Motorola Moto Edge S30 5G,23990.0,85.0,Motorola,1,1,1,1,0,6,128.0,5000.0,33.0,6.8,1080.0,2460.0,0,108.0,3,2.9,large
Realme GT 2 Pro 5G,49959.0,89.0,Realme,1,1,1,1,1,8,128.0,5000.0,65.0,6.7,1440.0,3216.0,0,50.0,3,2.4,large
Apple iPhone 13 Pro (256GB),129900.0,83.0,Apple,1,1,1,1,1,6,256.0,3095.0,33.0,6.1,1170.0,2532.0,0,12.0,3,3.22,medium
Vivo Y73 2021,19990.0,80.0,Vivo,1,0,1,1,0,8,128.0,4000.0,33.0,6.44,1080.0,2400.0,1,64.0,3,2.05,medium
Samsung Galaxy F14,14990.0,67.0,Samsung,1,0,1,1,1,4,64.0,5000.0,25.0,6.62,2408.0,1080.0,1,50.0,3,2.4,large
Vivo V20,23269.0,85.0,Vivo,1,0,1,1,0,8,128.0,4000.0,33.0,6.44,1080.0,2400.0,1,64.0,3,2.3,medium
Xiaomi Redmi Note 9 Pro,13999.0,75.0,Xiaomi,1,0,1,1,0,4,64.0,5020.0,18.0,6.67,1080.0,2400.0,1,48.0,1,2.3,large
OnePlus 10R Prime Edition,35389.0,85.0,OnePlus,1,1,1,1,1,8,128.0,5000.0,80.0,6.7,1080.0,2412.0,0,50.0,3,2.85,large
Nokia C31,9499.0,62.0,Nokia,1,0,1,1,0,3,32.0,5050.0,10.0,6.74,720.0,1600.0,1,13.0,3,1.6,large
Infinix Hot 12 Pro (8GB RAM+ 128GB),12340.0,76.0,Infinix,1,0,1,1,0,8,128.0,5000.0,18.0,6.6,720.0,1612.0,1,50.0,1,2.4,large
Poco M5,10799.0,74.0,Poco,1,0,1,1,0,4,64.0,5000.0,18.0,6.58,1080.0,2400.0,1,50.0,3,2.2,large
Xiaomi Redmi 10C (4GB RAM + 128GB),14990.0,73.0,Xiaomi,1,0,1,1,0,4,128.0,6000.0,18.0,6.7,720.0,1600.0,1,50.0,2,2.4,large
ZTE Axon 40 Ultra 5G,61990.0,89.0,ZTE,1,1,1,1,1,8,128.0,5000.0,65.0,6.8,1116.0,2480.0,0,64.0,3,2.4,large
OPPO K10 (8GB RAM + 128GB),16990.0,80.0,OPPO,1,0,1,1,0,8,128.0,5000.0,33.0,6.59,1080.0,2412.0,1,50.0,3,2.4,large
Huawei Nova 9 SE,19990.0,84.0,Huawei,1,0,1,1,1,8,128.0,4000.0,66.0,6.78,1080.0,2388.0,1,108.0,1,2.4,large
Samsung Galaxy S22 5G (8GB RAM + 256GB),57999.0,87.0,Samsung,1,1,1,1,1,8,256.0,3700.0,25.0,6.1,1080.0,2340.0,0,50.0,3,2.4,medium
Lenovo Legion Y90,46990.0,87.0,Lenovo,1,1,1,1,1,12,256.0,5600.0,68.0,6.92,1080.0,2460.0,0,64.0,2,2.4,large
Vivo Y55 5G,20990.0,77.0,Vivo,1,1,1,1,1,4,128.0,5000.0,18.0,6.58,1080.0,2408.0,1,50.0,3,2.2,large
Nokia X100 5G,17990.0,82.0,Nokia,1,1,1,1,1,6,128.0,4470.0,18.0,6.67,1080.0,2400.0,1,48.0,1,2.4,large
Realme 8s 5G (8GB RAM + 128GB),17499.0,82.0,Realme,1,1,1,1,0,8,128.0,5000.0,33.0,6.5,1080.0,2400.0,1,64.0,3,2.4,large
Realme 8s 5G,17999.0,80.0,Realme,1,1,1,1,0,6,128.0,5000.0,33.0,6.5,1080.0,2400.0,1,64.0,3,2.4,large
Poco X5,14999.0,74.0,Poco,1,1,1,1,0,4,128.0,5000.0,33.0,6.67,1080.0,2400.0,0,48.0,3,2.2,large
Xiaomi Redmi Note 10 Pro Max (6GB RAM + 128GB),19980.0,82.0,Xiaomi,1,0,1,1,0,6,128.0,5020.0,33.0,6.67,1080.0,2400.0,1,108.0,1,2.3,large
iQOO 7 (12GB RAM + 256GB),35990.0,85.0,iQOO,1,1,1,1,1,12,256.0,4400.0,66.0,6.62,1080.0,2400.0,0,48.0,3,3.2,large
Realme 8,15999.0,78.0,Realme,1,0,1,1,0,4,128.0,5000.0,30.0,6.4,1080.0,2400.0,1,64.0,1,2.4,medium
Samsung Galaxy S20,41999.0,88.0,Samsung,1,0,1,1,1,8,128.0,4000.0,25.0,6.2,1440.0,3200.0,1,64.0,3,2.73,medium
Xiaomi Redmi K60E,25999.0,83.0,Xiaomi,1,1,1,1,1,8,128.0,5500.0,67.0,6.67,1440.0,3200.0,0,48.0,3,3.1,large
Motorola Moto E32s,7990.0,65.0,Motorola,1,0,1,1,0,3,32.0,5000.0,18.0,6.5,720.0,1600.0,1,16.0,3,1.8,large
OnePlus Nord 3T 5G,29990.0,84.0,OnePlus,1,1,1,1,1,8,128.0,4500.0,80.0,6.43,1080.0,2400.0,0,50.0,3,2.4,medium
OPPO F23 Pro Plus 5G,27990.0,83.0,OPPO,1,1,1,1,0,8,128.0,4500.0,65.0,6.43,1080.0,2460.0,1,50.0,1,2.36,medium
Poco F5 Pro,29999.0,84.0,Poco,1,1,1,1,1,8,128.0,5500.0,67.0,6.67,1440.0,3200.0,0,64.0,3,3.2,large
OPPO A16e (4GB RAM + 64GB),8999.0,68.0,OPPO,1,0,1,1,0,4,64.0,4230.0,33.0,6.52,720.0,1600.0,1,13.0,1,2.4,large
POCO M4 Pro 4G (8GB RAM + 128GB),13999.0,81.0,POCO,1,0,1,1,0,8,128.0,5000.0,33.0,6.43,1080.0,2400.0,1,64.0,3,2.05,medium
Realme Narzo 50A,11499.0,71.0,Realme,1,0,1,1,0,4,64.0,6000.0,18.0,6.5,720.0,1600.0,1,50.0,3,2.4,large
Asus ROG Phone 5s 5G,39999.0,87.0,Asus,1,1,1,1,1,8,128.0,6000.0,65.0,6.78,1080.0,2448.0,0,64.0,3,2.9,large
Realme GT Master Edition 5G,27999.0,84.0,Realme,1,1,1,1,1,8,128.0,4300.0,65.0,6.43,1080.0,2400.0,0,64.0,3,2.4,medium
Samsung Galaxy A32 5G,24499.0,79.0,Samsung,1,1,1,1,1,6,128.0,5000.0,15.0,6.5,720.0,1600.0,1,48.0,1,2.4,large
Nubia Red Magic 8 Pro Plus,60999.0,86.0,Nubia,1,1,1,1,1,12,256.0,5000.0,165.0,6.8,1116.0,2480.0,0,50.0,3,3.2,large
Xiaomi Redmi Note 9 Pro Max,16490.0,80.0,Xiaomi,1,0,1,1,0,6,64.0,5020.0,33.0,6.67,1080.0,2400.0,1,64.0,1,2.3,large
Samsung Galaxy A52,24990.0,83.0,Samsung,1,0,1,1,0,6,128.0,4500.0,25.0,6.5,1080.0,2400.0,1,64.0,1,2.3,large
Samsung Galaxy A04e (3GB RAM + 64GB),9950.0,66.0,Samsung,1,0,1,1,0,3,64.0,5000.0,33.0,6.5,720.0,1600.0,1,13.0,2,2.3,large
Oppo A56s,12999.0,75.0,Oppo,1,1,1,1,0,8,128.0,5000.0,33.0,6.56,720.0,1612.0,1,13.0,2,2.4,large
Oppo Reno 8T 4G,19999.0,83.0,Oppo,1,0,1,1,1,8,256.0,5000.0,66.0,6.67,1080.0,2400.0,1,50.0,3,2.2,large
OPPO Reno 10,32999.0,84.0,OPPO,1,1,1,1,1,8,256.0,5000.0,120.0,6.73,1080.0,2412.0,0,50.0,3,2.5,large
Nokia G60,28498.0,81.0,Nokia,1,1,1,1,1,6,128.0,4500.0,20.0,6.58,1080.0,2400.0,1,50.0,3,2.2,large
OPPO A77 (4GB RAM + 128 GB),15998.0,71.0,OPPO,1,0,1,1,0,4,128.0,5000.0,33.0,6.56,720.0,1600.0,1,50.0,1,2.3,large
Motorola Edge 40 Pro 5G,59990.0,89.0,Motorola,1,1,1,1,1,8,128.0,4800.0,125.0,6.7,1080.0,2460.0,0,60.0,3,3.2,large
Oppo K10x 5G,16990.0,78.0,Oppo,1,1,1,1,0,6,128.0,5000.0,67.0,6.59,1080.0,2412.0,0,64.0,3,2.2,large
iQOO Z6 Pro 5G (12GB RAM + 256GB),27999.0,82.0,iQOO,1,1,1,1,0,12,256.0,4700.0,66.0,6.44,1080.0,2404.0,0,64.0,3,2.4,medium
Nokia G21 (6GB RAM + 128GB),13499.0,75.0,Nokia,1,0,1,1,0,6,128.0,5050.0,18.0,6.5,720.0,1600.0,1,50.0,3,1.6,large
Samsung Galaxy A13 (6GB RAM + 128GB),16499.0,78.0,Samsung,1,0,1,1,0,6,128.0,5000.0,25.0,6.6,1080.0,2408.0,1,50.0,1,2.4,large
OPPO A16K (4GB RAM + 64GB),10999.0,66.0,OPPO,1,0,1,1,0,4,64.0,4230.0,33.0,6.52,720.0,1600.0,1,13.0,1,2.3,large
Xiaomi Redmi 10C,13990.0,71.0,Xiaomi,1,0,1,1,0,4,64.0,6000.0,18.0,6.7,720.0,1600.0,1,50.0,2,2.4,large
Tecno Spark 9 Pro,9999.0,74.0,Tecno,1,0,1,1,0,4,64.0,5000.0,18.0,6.6,1080.0,2460.0,1,48.0,3,2.4,large
Realme GT Neo 3 5G,31994.0,83.0,Realme,1,1,1,1,1,8,128.0,5000.0,80.0,6.7,1080.0,2412.0,0,50.0,3,2.85,large
Xiaomi 11i HyperCharge 5G,24820.0,83.0,Xiaomi,1,1,1,1,0,6,128.0,4500.0,120.0,6.67,2400.0,1080.0,1,108.0,3,2.5,large
iQOO Neo 6 SE 5G,22990.0,83.0,iQOO,1,1,1,1,0,8,128.0,4700.0,80.0,6.62,1080.0,2400.0,0,64.0,3,3.2,large
iQOO 9 Pro 5G,59990.0,88.0,iQOO,1,1,1,1,1,8,256.0,4700.0,120.0,6.78,1440.0,3200.0,0,50.0,3,2.4,large
Realme Narzo 50i (4GB RAM + 64GB),8999.0,62.0,Realme,1,0,1,1,0,4,64.0,5000.0,33.0,6.5,720.0,1600.0,1,8.0,1,1.6,large
Xiaomi Redmi 9 Activ (6GB RAM + 128GB),10499.0,72.0,Xiaomi,1,0,1,1,0,6,128.0,5000.0,33.0,6.53,720.0,1600.0,1,13.0,2,2.3,large
Xiaomi Redmi Note 8 2021,9990.0,75.0,Xiaomi,1,0,1,1,0,4,64.0,4000.0,18.0,6.3,1080.0,2340.0,1,48.0,1,2.4,medium
Xiaomi Redmi Note 10 5G,12490.0,76.0,Xiaomi,1,1,1,1,0,4,128.0,5000.0,18.0,6.5,1080.0,2400.0,1,48.0,3,2.2,large
Vivo Y20G,13990.0,69.0,Vivo,1,0,1,1,0,4,64.0,5000.0,18.0,6.51,720.0,1600.0,1,13.0,3,2.4,large
Samsung Galaxy A22 5G,17990.0,79.0,Samsung,1,1,1,1,0,6,128.0,5000.0,15.0,6.6,1080.0,2408.0,1,48.0,3,2.2,large
Vivo V21,24999.0,83.0,Vivo,1,0,1,1,0,8,128.0,4000.0,33.0,6.44,1080.0,2400.0,1,64.0,3,2.4,medium
Realme 7 Pro (8GB RAM + 128GB),21999.0,85.0,Realme,1,0,1,1,0,8,128.0,4500.0,65.0,6.4,1080.0,2400.0,1,64.0,1,2.3,medium
OnePlus Nord Lite,19999.0,77.0,OnePlus,1,0,1,1,0,8,128.0,4300.0,30.0,6.55,1080.0,2400.0,0,48.0,3,2.4,large
Apple iPhone 11 Pro Max,109900.0,77.0,Apple,1,0,1,1,1,4,64.0,3500.0,18.0,6.5,1242.0,2688.0,0,12.0,3,2.65,large
Sony Xperia Ace IV,19990.0,80.0,Sony,1,0,1,1,1,8,128.0,5000.0,33.0,6.5,1080.0,2400.0,1,50.0,2,2.4,large
Samsung Galaxy A04e (4GB RAM + 128GB),11499.0,69.0,Samsung,1,0,1,1,0,4,128.0,5000.0,33.0,6.5,720.0,1600.0,1,13.0,2,2.3,large
Xiaomi Redmi Note 12 4G,13999.0,75.0,Xiaomi,1,0,1,1,0,4,64.0,5000.0,33.0,6.67,1080.0,2400.0,1,48.0,3,2.2,large
Vivo V28,28990.0,84.0,Vivo,1,1,1,1,0,8,256.0,5000.0,80.0,6.7,1080.0,2400.0,1,108.0,3,2.2,large
Poco F4 5G (8GB RAM + 128GB),27999.0,85.0,Poco,1,1,1,1,1,8,128.0,4500.0,67.0,6.67,1080.0,2400.0,0,64.0,3,3.2,large
Xiaomi Redmi Note 11T Pro 5G,19990.0,82.0,Xiaomi,1,1,1,1,1,6,128.0,5080.0,67.0,6.6,1080.0,2460.0,1,64.0,3,2.85,large
Realme Narzo 50 Pro 5G (8GB RAM + 128GB),22999.0,83.0,Realme,1,1,1,1,0,8,128.0,5000.0,33.0,6.4,1080.0,2400.0,1,48.0,3,2.5,medium
Vivo T1 44W (8GB RAM + 128GB),17999.0,82.0,Vivo,1,0,1,1,0,8,128.0,5000.0,44.0,6.44,1080.0,2408.0,1,50.0,3,2.4,medium
Xiaomi Redmi Note 11S (6GB RAM + 128GB),15499.0,81.0,Xiaomi,1,0,1,1,0,6,128.0,5000.0,33.0,6.43,1080.0,2400.0,1,108.0,1,2.05,medium
Lava Agni 5G,17990.0,84.0,Lava,1,1,1,1,0,8,128.0,5000.0,30.0,6.78,1080.0,2460.0,1,64.0,1,2.4,large
Realme 8i (6GB RAM + 128GB),13999.0,77.0,Realme,1,0,1,1,0,6,128.0,5000.0,18.0,6.6,1080.0,2412.0,1,50.0,3,2.05,large
OPPO A55 4G,13499.0,73.0,OPPO,1,0,1,1,0,4,64.0,5000.0,18.0,6.51,720.0,1600.0,1,50.0,3,2.3,large
POCO M3 Pro 5G (6GB RAM + 128GB),14799.0,79.0,POCO,1,1,1,1,0,6,128.0,5000.0,18.0,6.5,1080.0,2400.0,1,48.0,3,2.2,large
Realme C21Y,6999.0,62.0,Realme,1,0,1,1,0,3,32.0,5000.0,33.0,6.5,720.0,1600.0,1,13.0,3,1.8,large
OPPO A16,11999.0,69.0,OPPO,1,0,1,1,0,4,64.0,5000.0,33.0,6.52,720.0,1600.0,1,13.0,3,2.3,large
Vivo V21 5G,23994.0,85.0,Vivo,1,1,1,1,0,8,128.0,4000.0,33.0,6.44,1080.0,2400.0,1,64.0,3,2.4,medium
Sony Xperia 1 II,69999.0,89.0,Sony,1,1,1,1,1,8,256.0,4000.0,21.0,6.5,1644.0,3840.0,1,12.0,1,2.84,large
Motorola Edge Plus,57999.0,89.0,Motorola,0,1,1,1,1,12,256.0,5000.0,18.0,6.7,1080.0,2340.0,0,108.0,3,2.84,large
Samsung Galaxy Note 20,86000.0,87.0,Samsung,1,0,1,1,1,8,256.0,4300.0,25.0,6.7,1080.0,2400.0,0,64.0,3,2.73,large
Samsung Galaxy A12,11999.0,71.0,Samsung,1,0,1,1,0,4,64.0,5000.0,15.0,6.5,720.0,1560.0,1,48.0,1,2.3,large
Xiaomi Redmi Note 12 Pro 4G,14999.0,77.0,Xiaomi,1,0,1,1,1,6,128.0,5000.0,67.0,6.67,1080.0,2400.0,0,50.0,3,2.3,large
Realme GT Neo 3T (8GB RAM + 128GB),26499.0,81.0,Realme,1,1,1,1,0,8,128.0,5000.0,80.0,6.62,1080.0,2400.0,0,64.0,3,3.2,large
Realme C30s (4GB RAM + 64GB),8990.0,62.0,Realme,1,0,1,1,0,4,64.0,5000.0,10.0,6.5,720.0,1600.0,1,8.0,1,1.6,large
Apple iPhone 14 (512GB),95999.0,82.0,Apple,1,1,1,1,1,6,512.0,3279.0,33.0,6.1,1170.0,2532.0,0,12.0,2,3.22,medium
iQOO 9T 5G,47990.0,85.0,iQOO,1,1,1,1,1,8,128.0,4700.0,120.0,6.78,1080.0,2400.0,0,50.0,3,3.2,large
Tecno Camon 19 Pro,17990.0,81.0,Tecno,1,0,1,1,0,8,128.0,5000.0,33.0,6.8,1080.0,2460.0,0,64.0,3,2.05,large
OnePlus Nord 2 Lite 5G,22999.0,83.0,OnePlus,1,1,1,1,1,8,128.0,5000.0,33.0,6.59,1080.0,2412.0,1,64.0,3,2.2,large
POCO F4 GT 5G,39999.0,86.0,POCO,1,1,1,1,1,8,128.0,4700.0,120.0,6.67,1080.0,2400.0,0,64.0,3,2.4,large
Xiaomi 11T Pro 5G (12GB RAM + 256GB),38999.0,88.0,Xiaomi,1,1,1,1,1,12,256.0,5000.0,120.0,6.67,1080.0,2400.0,0,108.0,3,2.84,large
Vivo Y10,12490.0,63.0,Vivo,1,0,1,1,0,4,128.0,5000.0,33.0,6.51,720.0,1600.0,0,13.0,2,2.3,large
Samsung Galaxy A83 5G,39990.0,86.0,Samsung,1,1,1,1,1,6,128.0,4500.0,25.0,6.71,1440.0,3200.0,1,64.0,3,3.2,large
Vivo Y33s,16685.0,80.0,Vivo,1,0,1,1,0,8,128.0,5000.0,18.0,6.58,1080.0,2408.0,1,50.0,3,2.4,large
Micromax IN 2B,6999.0,66.0,Micromax,1,0,1,1,0,4,64.0,5000.0,33.0,6.52,720.0,1600.0,1,13.0,2,1.8,large
Asus ROG Phone 6,71999.0,86.0,Asus,1,1,1,1,1,12,256.0,6000.0,65.0,6.78,1080.0,2448.0,0,50.0,3,3.2,large
Realme X7 Max,26999.0,84.0,Realme,1,1,1,1,1,8,128.0,4500.0,50.0,6.43,1080.0,2400.0,0,64.0,3,2.4,medium
Realme 8 5G,16499.0,75.0,Realme,1,1,1,1,0,4,128.0,5000.0,18.0,6.5,1080.0,2400.0,1,48.0,3,2.2,large
OPPO A55 5G,17990.0,74.0,OPPO,1,1,1,1,0,6,128.0,5000.0,33.0,6.5,720.0,1600.0,1,13.0,3,2.2,large
Xiaomi Redmi 9,8999.0,68.0,Xiaomi,1,0,1,1,0,4,64.0,5000.0,33.0,6.53,720.0,1600.0,1,13.0,2,2.3,large
Apple iPhone SE 2020,39900.0,63.0,Apple,1,0,1,1,1,3,64.0,1821.0,18.0,4.7,750.0,1334.0,0,12.0,1,2.65,small
Letv Y1 Pro Plus,5999.0,60.0,Letv,1,0,1,1,0,6,64.0,4000.0,10.0,6.5,720.0,1560.0,0,8.0,1,1.8,large
OnePlus Nord 5,34999.0,76.0,OnePlus,1,1,1,1,1,8,128.0,5000.0,120.0,6.57,1080.0,2400.0,0,64.0,3,2.4,large
Vivo Y73T,16990.0,77.0,Vivo,1,1,1,1,0,8,128.0,6000.0,44.0,6.58,1080.0,2408.0,0,50.0,2,2.4,large
OPPO Reno 9 Z,22990.0,84.0,OPPO,1,1,1,1,1,8,128.0,4800.0,33.0,6.58,1080.0,2400.0,1,50.0,3,2.2,large
Vivo V25e,19990.0,84.0,Vivo,1,0,1,1,0,8,256.0,4500.0,44.0,6.44,1080.0,2400.0,1,64.0,3,2.2,medium
Infinix Hot 12 Pro,10850.0,74.0,Infinix,1,0,1,1,0,6,64.0,5000.0,18.0,6.6,720.0,1612.0,1,50.0,1,2.4,large
Realme Narzo 50 5G (4GB RAM + 64GB),13499.0,75.0,Realme,1,1,1,1,0,4,64.0,5000.0,33.0,6.6,1080.0,2400.0,1,48.0,3,2.4,large
itel Vision 3,6699.0,61.0,itel,1,0,1,1,0,3,64.0,5000.0,18.0,6.6,1612.0,720.0,1,8.0,2,1.6,large
OPPO A96 4G,17999.0,80.0,OPPO,1,0,1,1,0,8,128.0,5000.0,33.0,6.59,1080.0,2412.0,1,50.0,2,2.4,large
Xiaomi Redmi Note 11E 5G,13990.0,69.0,Xiaomi,1,1,1,1,0,4,128.0,5000.0,18.0,6.58,1080.0,2408.0,0,50.0,2,2.2,large
Tecno Spark 9T,8968.0,72.0,Tecno,1,0,1,1,0,4,64.0,5000.0,18.0,6.6,1080.0,2408.0,1,50.0,2,2.3,large
Infinix Smart 6,7320.0,60.0,Infinix,1,0,1,1,0,2,64.0,5000.0,33.0,6.6,720.0,1600.0,1,8.0,1,2.4,large
Realme C25Y (4GB RAM + 64GB),8999.0,69.0,Realme,1,0,1,1,0,4,64.0,5000.0,18.0,6.5,1600.0,720.0,1,50.0,3,1.8,large
Samsung Galaxy A12 (6GB RAM + 128GB),13999.0,75.0,Samsung,1,0,1,1,0,6,128.0,5000.0,15.0,6.5,720.0,1560.0,1,48.0,1,2.3,large
Tecno Camon 19,14746.0,79.0,Tecno,1,0,1,1,1,6,128.0,5000.0,18.0,6.8,1080.0,2460.0,1,64.0,2,2.4,large
Xiaomi Redmi Note 10 Pro 5G,16999.0,83.0,Xiaomi,1,1,1,1,1,6,128.0,5000.0,67.0,6.6,1080.0,2400.0,1,64.0,3,2.6,large
Xiaomi Mi 11X 5G (8GB RAM + 128GB),25990.0,83.0,Xiaomi,1,1,1,1,0,8,128.0,4520.0,33.0,6.67,1080.0,2400.0,0,48.0,3,3.2,large
Xiaomi Redmi Note 10 (6GB RAM + 128GB),16499.0,78.0,Xiaomi,1,0,1,1,0,6,128.0,5000.0,33.0,6.43,1080.0,2400.0,1,48.0,1,2.2,medium
Xiaomi Redmi Note 10 Pro Max,19999.0,81.0,Xiaomi,1,0,1,1,0,6,64.0,5020.0,33.0,6.67,1080.0,2400.0,1,108.0,1,2.3,large
Xiaomi Mi 10T 5G,23500.0,80.0,Xiaomi,1,1,1,1,1,6,128.0,5000.0,33.0,6.67,2400.0,1080.0,0,64.0,3,2.84,large
LG Velvet 5G,54999.0,85.0,LG,1,1,1,1,1,6,128.0,4300.0,25.0,6.8,1080.0,2460.0,1,48.0,3,2.4,large
Motorola One Fusion Plus,19499.0,80.0,Motorola,1,0,1,1,0,6,128.0,5000.0,18.0,6.5,1080.0,2340.0,1,64.0,1,2.2,large
Samsung Galaxy Note 10 Lite,39999.0,83.0,Samsung,1,0,1,1,1,6,128.0,4500.0,25.0,6.7,1080.0,2400.0,1,32.0,3,2.7,large
Samsung Galaxy Note 10 Plus 5G,92999.0,89.0,Samsung,1,1,1,1,1,12,256.0,4300.0,33.0,6.8,1440.0,3040.0,1,12.0,1,2.7,large
iQOO Neo 7 Racing Edition,32990.0,84.0,iQOO,1,1,1,1,1,8,256.0,5000.0,120.0,6.78,1080.0,2400.0,0,50.0,3,3.2,large
Samsung Galaxy A04s (4GB RAM + 128GB),14499.0,72.0,Samsung,1,0,1,1,0,4,128.0,5000.0,15.0,6.5,720.0,1600.0,1,50.0,3,2.4,large
Vivo Y35 5G,13999.0,70.0,Vivo,1,1,1,1,0,4,128.0,5000.0,15.0,6.51,720.0,1600.0,1,13.0,2,2.2,large
Xiaomi Redmi Note 11R,12990.0,73.0,Xiaomi,1,1,1,1,0,4,128.0,5000.0,18.0,6.58,1080.0,2400.0,1,13.0,2,2.2,large
Poco M6 Pro,19990.0,84.0,Poco,1,1,1,1,0,8,128.0,5100.0,120.0,6.73,1080.0,2400.0,1,108.0,3,2.5,large
OPPO A97 5G,23990.0,79.0,OPPO,1,1,1,1,0,12,256.0,5000.0,33.0,6.56,1080.0,2400.0,1,48.0,2,2.4,large
Samsung Galaxy A24,17999.0,77.0,Samsung,1,0,1,1,0,6,64.0,4000.0,15.0,6.4,1080.0,2408.0,1,48.0,3,1.8,medium
Infinix Note 13 Pro,16999.0,80.0,Infinix,1,0,1,1,0,6,128.0,5000.0,120.0,6.91,1080.0,2460.0,1,108.0,1,2.2,large
Honor Play 30,9999.0,68.0,Honor,1,1,1,1,0,4,128.0,5000.0,33.0,6.5,720.0,1600.0,1,13.0,1,2.2,large
Infinix Smart 6 Plus,8299.0,63.0,Infinix,1,0,1,1,0,3,64.0,5000.0,33.0,6.82,720.0,1600.0,1,8.0,1,2.4,large
Sony Xperia 5 IV 5G,82199.0,89.0,Sony,1,1,1,1,1,8,256.0,5000.0,30.0,6.1,1080.0,2520.0,1,12.0,3,2.4,medium
Nubia Z40 Pro 5G,49990.0,84.0,Nubia,1,1,1,1,1,8,128.0,5000.0,80.0,6.67,1080.0,2400.0,0,64.0,3,2.4,large
Nokia G21,11999.0,71.0,Nokia,1,0,1,1,0,4,64.0,5050.0,18.0,6.5,720.0,1600.0,1,50.0,3,1.6,large
Xiaomi 12 Lite 5G,29990.0,82.0,Xiaomi,1,1,1,1,1,6,128.0,4300.0,67.0,6.55,1080.0,2400.0,0,108.0,3,2.4,large
Apple iPhone 13 Pro Max (256GB),139900.0,84.0,Apple,1,1,1,1,1,6,256.0,4352.0,33.0,6.7,1284.0,2778.0,0,12.0,3,3.22,large
Vivo Y21s,14990.0,74.0,Vivo,1,0,1,1,0,4,128.0,5000.0,18.0,6.51,720.0,1600.0,1,50.0,3,2.4,large
OPPO F19s,15988.0,79.0,OPPO,1,0,1,1,0,6,128.0,5000.0,33.0,6.43,1080.0,2400.0,1,48.0,3,2.4,medium
Samsung Galaxy M21 2021,11725.0,76.0,Samsung,1,0,1,1,0,4,64.0,6000.0,15.0,6.4,1080.0,2340.0,1,48.0,3,2.3,medium
OPPO F19 Pro,17994.0,80.0,OPPO,1,0,1,1,0,8,128.0,4310.0,30.0,6.43,1080.0,2400.0,1,48.0,1,2.2,medium
OnePlus Nord N10,25595.0,81.0,OnePlus,1,1,1,1,1,6,128.0,4300.0,30.0,6.49,1080.0,2400.0,1,64.0,1,2.4,medium
Gionee M12 Pro,7499.0,67.0,Gionee,1,0,0,1,0,6,128.0,4000.0,33.0,6.2,720.0,1520.0,1,16.0,1,1.99,medium
Poco M2,10890.0,74.0,Poco,1,0,1,1,0,6,64.0,5000.0,18.0,6.53,1080.0,2340.0,1,13.0,1,2.4,large
OPPO F17 Pro,18990.0,83.0,OPPO,1,0,1,1,0,8,128.0,4015.0,30.0,6.43,1080.0,2400.0,1,48.0,2,2.2,medium
Motorola Moto G 5G,19990.0,82.0,Motorola,1,1,1,1,1,6,128.0,5000.0,20.0,6.67,1080.0,2400.0,1,48.0,3,2.2,large
Samsung Galaxy A50s,15990.0,80.0,Samsung,1,0,1,1,1,4,128.0,4000.0,15.0,6.4,1080.0,2340.0,1,48.0,3,2.3,medium
Samsung Galaxy Note 10 Plus,58999.0,89.0,Samsung,1,0,1,1,1,12,256.0,4300.0,45.0,6.8,1440.0,3040.0,1,12.0,1,2.73,large
Vivo Y15,12500.0,71.0,Vivo,1,0,1,1,0,4,64.0,5000.0,33.0,6.35,720.0,1544.0,1,16.0,3,2.4,medium
Vivo S1 Pro,29999.0,82.0,Vivo,1,0,1,1,0,8,128.0,4500.0,18.0,6.38,1080.0,2340.0,1,48.0,1,2.4,medium
Vivo T3 Pro,31990.0,86.0,Vivo,1,1,1,1,0,8,256.0,4700.0,80.0,6.67,1080.0,2408.0,1,64.0,3,2.7,large
Vivo V21s,29999.0,86.0,Vivo,1,1,1,1,1,8,128.0,4000.0,33.0,6.44,1080.0,2400.0,1,64.0,3,2.4,medium
Motorola Moto Edge 30 Neo,31990.0,84.0,Motorola,1,1,1,1,1,8,128.0,4020.0,68.0,6.28,1080.0,2400.0,0,64.0,2,2.2,medium
Xiaomi 12T,48990.0,87.0,Xiaomi,1,1,1,1,1,8,128.0,5000.0,120.0,6.67,1220.0,2712.0,0,108.0,3,2.85,large
Huawei Mate 50 Pro 5G,99990.0,85.0,Huawei,1,1,1,1,1,8,256.0,4500.0,66.0,6.76,1440.0,3200.0,0,64.0,3,3.13,large
Realme C32,9499.0,65.0,Realme,1,0,1,1,0,4,64.0,5000.0,33.0,6.52,720.0,1600.0,1,13.0,3,1.82,large
iQOO Z7 Pro 5G,24999.0,80.0,iQOO,1,1,1,1,0,6,128.0,5000.0,67.0,6.62,1080.0,2412.0,1,50.0,3,2.36,large
Apple iPhone 15,82990.0,72.0,Apple,1,0,1,1,1,6,128.0,3285.0,33.0,6.06,1170.0,2532.0,0,50.0,2,2.4,medium
Infinix Note 11S (8GB RAM + 128GB),15999.0,79.0,Infinix,1,0,1,1,0,8,128.0,5000.0,33.0,6.95,1080.0,2460.0,1,50.0,3,2.05,large
Tecno Spark 8 (4GB RAM + 64GB),8999.0,64.0,Tecno,1,0,1,1,0,4,64.0,5000.0,33.0,6.52,720.0,1600.0,1,16.0,2,1.8,large
Oppo A56 5G,17990.0,73.0,Oppo,1,1,1,1,0,6,128.0,5000.0,33.0,6.5,720.0,1600.0,1,13.0,2,2.2,large
Xiaomi Redmi 10 Prime (6GB RAM + 128GB),12999.0,77.0,Xiaomi,1,0,1,1,0,6,128.0,6000.0,18.0,6.5,1080.0,2400.0,1,50.0,1,2.4,large
Huawei Nova 9,29990.0,83.0,Huawei,1,0,0,1,1,8,128.0,4300.0,66.0,6.57,1080.0,2340.0,0,50.0,1,2.4,large
Xiaomi Redmi K50 5G,27990.0,83.0,Xiaomi,1,1,1,1,1,8,128.0,5500.0,67.0,6.67,1440.0,3200.0,0,48.0,3,2.85,large
Realme Q3,14999.0,80.0,Realme,1,1,1,1,0,6,128.0,5000.0,30.0,6.5,1080.0,2400.0,1,48.0,3,2.2,large
OPPO Reno 6 Pro Plus 5G,44990.0,87.0,OPPO,1,1,1,1,1,8,128.0,4500.0,65.0,6.55,1080.0,2400.0,0,50.0,1,3.2,large
Motorola Edge S,22490.0,87.0,Motorola,1,1,1,1,1,6,128.0,5000.0,20.0,6.7,1080.0,2520.0,1,64.0,2,3.2,large
Poco M3,11499.0,75.0,Poco,1,0,1,1,0,6,64.0,6000.0,18.0,6.53,1080.0,2340.0,1,48.0,3,2.4,large
Vivo V20 Pro,27000.0,84.0,Vivo,1,1,1,1,0,8,128.0,4000.0,33.0,6.44,1080.0,2400.0,0,64.0,4,2.4,medium
Xiaomi Mi 10T Pro 5G,29999.0,86.0,Xiaomi,1,1,1,1,1,8,128.0,5000.0,33.0,6.67,1080.0,2400.0,0,108.0,3,2.84,large
Vivo V19 (8GB RAM + 256GB),27990.0,84.0,Vivo,1,0,1,1,0,8,256.0,4500.0,33.0,6.44,1080.0,2400.0,1,48.0,2,2.3,medium
Samsung Galaxy S20 5G,74999.0,89.0,Samsung,1,1,1,1,1,8,128.0,4000.0,25.0,6.2,1440.0,3200.0,1,64.0,3,2.73,medium
Vivo U3,9990.0,72.0,Vivo,1,0,1,1,0,4,64.0,5000.0,18.0,6.53,1080.0,2340.0,1,16.0,3,2.4,large
Oppo K5 (8GB RAM + 128GB),19990.0,82.0,Oppo,1,0,1,1,0,8,128.0,4000.0,30.0,6.4,1080.0,2340.0,1,64.0,1,2.2,medium
Realme XT,13279.0,75.0,Realme,1,0,1,1,0,4,64.0,4000.0,20.0,6.4,1080.0,2340.0,1,64.0,1,2.3,medium
Vivo Y12 (3GB RAM + 64GB),11000.0,68.0,Vivo,1,0,1,1,0,3,64.0,5000.0,33.0,6.35,720.0,1544.0,1,13.0,3,2.4,medium
Xiaomi Poco F1 (6GB RAM + 128GB),12999.0,78.0,Xiaomi,1,0,1,1,0,6,128.0,4000.0,33.0,6.18,1080.0,2246.0,1,20.0,2,2.8,medium
Poco C50 (3GB RAM + 32GB),7299.0,61.0,Poco,1,0,1,1,0,3,32.0,5000.0,10.0,6.52,720.0,1600.0,1,8.0,1,2.4,large
iKall Z19,7999.0,61.0,iKall,1,0,1,1,0,4,32.0,5000.0,33.0,6.5,720.0,1600.0,1,20.0,1,1.6,large
Xiaomi Redmi K60 Gaming Edition,54990.0,86.0,Xiaomi,1,1,1,1,1,8,128.0,5000.0,67.0,6.73,1440.0,3200.0,0,50.0,3,3.2,large
Vivo S17 Pro,49990.0,77.0,Vivo,1,1,1,1,1,12,256.0,5000.0,120.0,6.67,1080.0,2400.0,0,50.0,3,2.4,large
Tecno Pova Neo 5G,15499.0,71.0,Tecno,1,0,1,1,0,4,128.0,6000.0,18.0,6.8,1080.0,2400.0,1,50.0,1,2.4,large
Apple iPhone 14 Pro Max (512GB),169900.0,78.0,Apple,1,1,1,1,1,6,512.0,4323.0,33.0,6.7,1290.0,2796.0,0,48.0,3,2.4,large
Google Pixel 8,53990.0,75.0,Google,1,1,1,1,1,8,128.0,4830.0,67.0,6.6,1080.0,2400.0,0,50.0,2,2.4,large
Vivo T2x 5G,18990.0,80.0,Vivo,1,1,1,1,0,8,128.0,6000.0,44.0,6.58,1080.0,2408.0,0,50.0,2,2.4,large
Motorola Moto G52 5G,16999.0,76.0,Motorola,1,1,1,1,1,4,64.0,5000.0,33.0,6.6,2460.0,1080.0,1,50.0,3,2.2,large
Motorola Edge 40 5G,34999.0,86.0,Motorola,1,1,1,1,1,8,128.0,4200.0,67.0,6.5,1080.0,2412.0,0,50.0,3,2.36,large
Realme GT 2 Pro 5G (12GB RAM + 256GB),46999.0,89.0,Realme,1,1,1,1,1,12,256.0,5000.0,65.0,6.7,1440.0,3216.0,0,50.0,3,2.4,large
Vivo Y15C,8499.0,66.0,Vivo,1,0,1,1,0,3,32.0,5000.0,33.0,6.51,720.0,1600.0,1,13.0,2,2.3,large
Honor X8,16999.0,76.0,Honor,1,0,1,1,0,6,128.0,4000.0,5.0,6.7,1080.0,2388.0,0,64.0,1,2.4,large
Samsung Galaxy A03 (4GB RAM + 64GB),11499.0,69.0,Samsung,1,0,1,1,0,4,64.0,5000.0,15.0,6.5,720.0,1560.0,1,48.0,2,1.6,large
Samsung Galaxy S22 Plus 5G (8GB RAM + 256GB),88999.0,88.0,Samsung,1,1,1,1,1,8,256.0,4500.0,45.0,6.6,1080.0,2340.0,0,50.0,3,2.4,large
Vivo Y33T,15990.0,81.0,Vivo,1,0,1,1,0,8,128.0,5000.0,18.0,6.58,1080.0,2408.0,1,50.0,3,2.4,large
Xiaomi 11i 5G (8GB RAM + 128GB),24990.0,83.0,Xiaomi,1,1,1,1,0,8,128.0,5160.0,67.0,6.67,2400.0,1080.0,1,108.0,3,2.5,large
Tecno Spark Go 2022,6249.0,61.0,Tecno,1,0,1,1,0,2,32.0,5000.0,33.0,6.51,720.0,1600.0,1,13.0,2,2.2,large
Vivo Y21e,12499.0,69.0,Vivo,1,0,1,1,0,3,64.0,5000.0,18.0,6.51,720.0,1600.0,1,13.0,2,2.4,large
Xiaomi Redmi 9A Sport,6499.0,61.0,Xiaomi,1,0,1,1,0,2,32.0,5000.0,33.0,6.53,720.0,1600.0,1,13.0,1,2.4,large
Vivo Y12G (3GB RAM + 64GB),11990.0,68.0,Vivo,1,0,1,1,0,3,64.0,5000.0,33.0,6.51,720.0,1600.0,1,13.0,3,2.4,large
Vivo V23e,26990.0,82.0,Vivo,1,0,1,1,0,8,128.0,4050.0,44.0,6.44,1080.0,2400.0,0,64.0,3,2.05,medium
Samsung Galaxy F22 (6GB RAM + 128GB),13499.0,76.0,Samsung,1,0,1,1,0,6,128.0,6000.0,33.0,6.4,720.0,1600.0,1,48.0,1,2.4,medium
Micromax IN 2C,5999.0,60.0,Micromax,1,0,1,1,0,3,32.0,5000.0,33.0,6.52,720.0,1600.0,1,8.0,1,1.8,large
Samsung Galaxy A03s,8499.0,67.0,Samsung,1,0,1,1,0,3,32.0,5000.0,15.0,6.5,720.0,1600.0,1,13.0,3,2.3,large
OPPO A54 (4GB RAM + 128GB),11990.0,71.0,OPPO,1,0,1,1,0,4,128.0,5000.0,33.0,6.51,1600.0,720.0,1,16.0,3,2.3,large
Xiaomi Redmi 20X,10990.0,77.0,Xiaomi,1,1,1,1,0,4,128.0,5000.0,18.0,6.43,1080.0,2340.0,1,48.0,1,2.2,medium
Realme Narzo 30 5G,16999.0,80.0,Realme,1,1,1,1,1,6,128.0,5000.0,18.0,6.5,1080.0,2400.0,1,48.0,3,2.2,large
OPPO A54,12199.0,70.0,OPPO,1,0,1,1,0,4,64.0,5000.0,33.0,6.51,1600.0,720.0,1,16.0,3,2.3,large
Oppo A15s (4GB RAM + 128GB),11490.0,72.0,Oppo,1,0,1,1,0,4,128.0,4230.0,33.0,6.52,720.0,1600.0,1,13.0,3,2.3,large
Xiaomi Redmi 9 Power,11499.0,74.0,Xiaomi,1,0,1,1,0,4,64.0,6000.0,18.0,6.53,1080.0,2340.0,1,48.0,1,2.4,large
Samsung Galaxy S21 Plus,59450.0,88.0,Samsung,1,1,1,1,1,8,128.0,4800.0,25.0,6.7,1080.0,2400.0,0,64.0,3,2.9,large
POCO M2 Pro,12799.0,76.0,POCO,1,0,1,1,0,4,64.0,5000.0,33.0,6.67,1080.0,2400.0,1,48.0,1,2.3,large
Samsung Galaxy S20 Plus,83000.0,88.0,Samsung,1,0,1,1,1,8,128.0,4500.0,25.0,6.7,1440.0,3200.0,1,64.0,1,2.73,large
Realme 6 Pro,14490.0,80.0,Realme,1,0,1,1,0,6,64.0,4300.0,30.0,6.6,1080.0,2400.0,1,64.0,2,2.3,large
Vivo Y11 (2019),9490.0,64.0,Vivo,1,0,1,1,0,3,32.0,5000.0,33.0,6.35,720.0,1544.0,1,13.0,2,2.4,medium
Vivo V15 Pro (8GB RAM +128GB),25000.0,78.0,Vivo,1,0,1,1,0,8,128.0,3700.0,33.0,6.39,1080.0,2316.0,1,48.0,3,2.4,medium
Vivo Y95,15000.0,65.0,Vivo,1,0,1,1,0,4,64.0,4030.0,33.0,6.22,1520.0,720.0,1,20.0,2,1.95,medium
Vivo V11i,20990.0,70.0,Vivo,1,0,1,1,0,4,128.0,3315.0,33.0,6.3,1080.0,2280.0,1,25.0,2,2.4,medium
Samsung Galaxy S9 Plus (128GB),34999.0,78.0,Samsung,1,0,1,1,1,6,128.0,3500.0,33.0,6.2,1440.0,2960.0,1,12.0,2,2.8,medium
Realme GT Neo 4T,29999.0,80.0,Realme,1,1,1,1,0,8,128.0,5000.0,120.0,6.73,1080.0,2400.0,0,50.0,3,2.4,large
Vivo Y53t,11999.0,67.0,Vivo,1,1,1,1,0,4,128.0,6000.0,15.0,6.51,720.0,1600.0,0,13.0,2,2.4,large
Samsung Galaxy A04 (4GB RAM + 128GB),12999.0,72.0,Samsung,1,0,1,1,0,4,128.0,5000.0,33.0,6.5,720.0,1600.0,1,50.0,2,2.3,large
Leitz Phone 2,124990.0,89.0,Leitz,1,1,1,1,1,12,256.0,5000.0,33.0,6.6,1260.0,2730.0,1,9.0,2,2.4,large
Xiaomi Redmi K60i,28999.0,85.0,Xiaomi,1,1,1,1,0,8,128.0,5080.0,120.0,6.67,1080.0,2460.0,0,50.0,3,3.1,large
Infinix Hot 20S,12999.0,77.0,Infinix,1,0,1,1,0,8,128.0,5000.0,18.0,6.78,1080.0,2460.0,1,50.0,1,2.05,large
Realme GT Neo 3T (8GB RAM + 256GB),28499.0,82.0,Realme,1,1,1,1,0,8,256.0,5000.0,80.0,6.62,1080.0,2400.0,0,64.0,3,3.2,large
Apple iPhone 14 Plus (512GB),104999.0,83.0,Apple,1,1,1,1,1,6,512.0,4325.0,33.0,6.7,1284.0,2778.0,0,12.0,2,3.22,large
Xiaomi Redmi 13 Prime 5G,17990.0,79.0,Xiaomi,1,1,1,1,0,6,128.0,5100.0,18.0,6.73,1080.0,2408.0,1,64.0,2,2.4,large
Xiaomi Redmi 11 Prime (6GB RAM + 128GB),13774.0,76.0,Xiaomi,1,0,1,1,0,6,128.0,5000.0,18.0,6.58,1080.0,2400.0,1,50.0,3,2.2,large
Nokia C21 Plus (4GB RAM + 64GB),8999.0,64.0,Nokia,1,0,1,1,0,4,64.0,5050.0,33.0,6.52,720.0,1600.0,1,13.0,2,1.6,large
OnePlus Nord N300,18990.0,75.0,OnePlus,1,1,1,1,1,4,64.0,5000.0,33.0,6.56,720.0,1612.0,1,48.0,2,2.4,large
Tecno Camon 19 Neo,14999.0,77.0,Tecno,1,0,1,1,1,6,128.0,5000.0,18.0,6.8,1080.0,2400.0,0,48.0,2,2.4,large
Realme Narzo 50i Prime,7999.0,61.0,Realme,1,0,1,1,0,3,32.0,5000.0,10.0,6.5,720.0,1600.0,1,8.0,1,1.82,large
Xiaomi Redmi K50 Ultra 5G,39999.0,85.0,Xiaomi,1,1,1,1,1,8,128.0,5000.0,120.0,6.67,1220.0,2712.0,0,108.0,3,3.2,large
OPPO A57 4G,11990.0,67.0,OPPO,1,0,1,1,0,3,64.0,5000.0,33.0,6.56,720.0,1612.0,1,13.0,2,2.3,large
Infinix Note 12 (6GB RAM + 128GB),12999.0,77.0,Infinix,1,0,1,1,0,6,128.0,5000.0,33.0,6.7,2400.0,1080.0,1,50.0,2,2.4,large
Samsung Galaxy S23 FE 5G,54999.0,77.0,Samsung,1,1,1,1,1,8,128.0,4500.0,33.0,6.5,1080.0,2400.0,0,64.0,1,2.4,large
Samsung Galaxy M51s 5G,24990.0,72.0,Samsung,1,1,1,1,0,6,128.0,6000.0,33.0,6.7,1080.0,2400.0,1,64.0,3,2.4,large
Vivo X80 5G (12GB RAM + 256GB),59999.0,88.0,Vivo,1,1,1,1,0,12,256.0,4500.0,80.0,6.78,1080.0,2400.0,0,50.0,3,3.05,large
Poco X6 Pro 5G,19999.0,72.0,Poco,1,1,1,1,0,6,128.0,5000.0,33.0,6.67,1080.0,2400.0,1,64.0,1,2.4,large
Infinix Note 12 (G96),16999.0,79.0,Infinix,1,0,1,1,0,8,128.0,5000.0,33.0,6.7,1080.0,2400.0,1,50.0,2,2.05,large
Samsung Galaxy M14,14999.0,60.0,Samsung,1,0,1,1,0,4,64.0,6000.0,33.0,6.5,720.0,1600.0,1,48.0,3,2.4,large
Vivo T2 Pro 5G,29990.0,76.0,Vivo,1,1,1,1,0,8,128.0,4500.0,67.0,6.44,1080.0,2408.0,1,50.0,3,2.4,medium
Xiaomi Redmi 10 Prime Plus 5G,13990.0,69.0,Xiaomi,1,1,1,1,0,4,128.0,5000.0,18.0,6.58,1080.0,2408.0,0,50.0,2,2.2,large
Xiaomi Redmi Note 11 Pro 4G,17999.0,81.0,Xiaomi,1,0,1,1,0,6,128.0,5000.0,67.0,6.67,1080.0,2400.0,1,108.0,1,2.05,large
Realme Narzo 50A Prime,11399.0,73.0,Realme,1,0,1,1,0,4,64.0,5000.0,18.0,6.6,1080.0,2408.0,1,50.0,3,1.82,large
Vivo Y55s 5G,19990.0,79.0,Vivo,1,1,1,1,0,8,128.0,6000.0,18.0,6.58,1080.0,2408.0,0,50.0,2,2.2,large
Vivo Y21T,15499.0,74.0,Vivo,1,0,1,1,0,4,128.0,5000.0,18.0,6.51,1600.0,720.0,1,50.0,3,2.4,large
Xiaomi Redmi Note 10 Lite (4GB RAM + 128GB),12499.0,77.0,Xiaomi,1,0,1,1,0,4,128.0,5020.0,18.0,6.67,1080.0,2400.0,1,48.0,1,2.3,large
Apple iPhone 13 (512GB),91999.0,80.0,Apple,1,1,1,1,1,4,512.0,3240.0,33.0,6.1,1170.0,2532.0,0,12.0,2,3.22,medium
Infinix Hot 11S,9690.0,71.0,Infinix,1,0,1,1,0,4,64.0,5000.0,33.0,6.78,1080.0,2480.0,1,50.0,2,2.4,large
Realme GT Explorer Master Edition,32990.0,85.0,Realme,1,1,1,1,1,8,128.0,4500.0,65.0,6.55,1080.0,2400.0,0,50.0,3,3.2,large
Xiaomi Mi 12 5G,42990.0,87.0,Xiaomi,1,1,1,1,1,8,128.0,4500.0,67.0,6.28,1080.0,2400.0,0,50.0,3,2.4,medium
Xiaomi Mi 11 Lite (8GB RAM + 128GB),18699.0,82.0,Xiaomi,1,0,1,1,0,8,128.0,4250.0,33.0,6.55,1080.0,2400.0,1,64.0,3,2.3,large
Realme Q3i 5G,10990.0,76.0,Realme,1,1,1,1,0,4,128.0,5000.0,18.0,6.5,1080.0,2400.0,1,48.0,3,2.2,large
Xiaomi Mi 11X Pro,30990.0,85.0,Xiaomi,1,1,1,1,0,8,128.0,4520.0,33.0,6.67,1080.0,2400.0,0,108.0,3,2.84,large
Lenovo Legion Pro 2,59999.0,89.0,Lenovo,1,1,1,1,1,16,512.0,5000.0,120.0,6.5,1080.0,2400.0,0,64.0,2,2.84,large
Samsung Galaxy M62,23999.0,83.0,Samsung,1,0,1,1,1,6,128.0,7000.0,33.0,6.71,1080.0,2400.0,1,64.0,1,2.73,large
Realme Q2i,9999.0,69.0,Realme,1,1,1,1,0,4,128.0,5000.0,18.0,6.5,720.0,1600.0,0,13.0,3,2.4,large
Xiaomi Redmi 9i (4GB RAM + 128GB),9299.0,67.0,Xiaomi,1,0,1,1,0,4,128.0,5000.0,10.0,6.53,720.0,1600.0,1,13.0,1,2.4,large
Realme 6 (6GB RAM + 64GB),12989.0,77.0,Realme,1,0,1,1,0,6,64.0,4300.0,30.0,6.5,1080.0,2400.0,1,64.0,1,2.05,large
Oppo Reno 5,29990.0,83.0,Oppo,1,1,1,1,0,8,128.0,4300.0,65.0,6.43,1080.0,2400.0,0,64.0,1,2.4,medium
Oppo A31 2020 (6GB RAM + 128GB),12490.0,72.0,Oppo,1,0,1,1,0,6,128.0,4230.0,33.0,6.5,720.0,1600.0,1,12.0,3,2.3,large
Huawei Nova 7i,21990.0,81.0,Huawei,1,0,1,1,0,8,128.0,4200.0,40.0,6.4,1080.0,2340.0,1,48.0,1,2.2,medium
Vivo Y19,20000.0,73.0,Vivo,1,0,1,1,0,4,128.0,5000.0,18.0,6.53,1080.0,2340.0,1,16.0,3,2.4,large
Vivo U3 (6GB RAM + 64GB),11990.0,74.0,Vivo,1,0,1,1,0,6,64.0,5000.0,18.0,6.53,1080.0,2340.0,1,16.0,3,2.4,large
Xiaomi Redmi Note 9,11989.0,75.0,Xiaomi,1,0,1,1,0,4,64.0,5020.0,5.0,6.53,1080.0,2340.0,1,48.0,1,2.4,large
Xiaomi Redmi 8 (4GB RAM + 64GB),11490.0,66.0,Xiaomi,1,0,1,1,0,4,64.0,5000.0,18.0,6.22,720.0,1520.0,1,12.0,2,2.4,medium
Motorola One Macro,11490.0,68.0,Motorola,1,0,1,1,0,4,64.0,4000.0,10.0,6.2,720.0,1520.0,1,13.0,3,2.4,medium
Samsung Galaxy A40,17990.0,69.0,Samsung,1,0,1,1,0,4,64.0,3100.0,15.0,5.9,1080.0,2340.0,1,25.0,2,2.2,small
Samsung Galaxy S10 5G,78990.0,86.0,Samsung,0,1,1,1,1,8,256.0,4500.0,25.0,6.7,1440.0,3040.0,1,16.0,3,2.7,large
Huawei Honor 9N,10949.0,66.0,Huawei,1,0,1,1,0,4,64.0,3000.0,33.0,5.84,1080.0,2280.0,1,16.0,2,2.36,small
Xiaomi Redmi Note 4,10300.0,65.0,Xiaomi,1,0,1,1,0,4,64.0,4100.0,33.0,5.5,1080.0,1920.0,1,13.0,1,2.4,small
Doogee V Max,45999.0,88.0,Doogee,1,1,1,1,0,12,256.0,22000.0,33.0,6.58,1080.0,2408.0,1,108.0,3,2.6,large
Huawei Nova Y61,21990.0,63.0,Huawei,1,0,1,1,0,4,64.0,5000.0,5.0,6.52,720.0,1600.0,1,50.0,2,2.4,large
iQOO Z9,19990.0,76.0,iQOO,1,1,1,1,0,8,128.0,5000.0,45.0,6.67,1080.0,2412.0,1,64.0,3,2.4,large
Vivo V29,32990.0,84.0,Vivo,1,1,1,1,0,8,256.0,5000.0,80.0,6.67,1080.0,2400.0,1,64.0,3,2.4,large
Poco M5 (6GB RAM + 128GB),14499.0,77.0,Poco,1,0,1,1,0,6,128.0,5000.0,18.0,6.58,1080.0,2400.0,1,50.0,3,2.2,large
Nokia X30,41990.0,85.0,Nokia,1,1,1,1,1,6,128.0,4200.0,33.0,6.43,1080.0,2400.0,1,50.0,2,2.2,medium
Tecno Pova Neo 2,13990.0,67.0,Tecno,1,0,1,1,0,6,128.0,7000.0,33.0,6.82,720.0,1600.0,1,16.0,2,2.4,large
Vivo Y15C (3GB RAM + 64GB),10490.0,67.0,Vivo,1,0,1,1,0,3,64.0,5000.0,33.0,6.51,720.0,1600.0,1,13.0,2,2.3,large
Huawei Nova 10,29990.0,82.0,Huawei,1,0,0,1,0,8,128.0,4000.0,66.0,6.67,1080.0,2400.0,0,60.0,3,2.4,large
Huawei Nova Y90,22990.0,82.0,Huawei,1,0,1,1,1,8,128.0,5000.0,40.0,6.7,1080.0,2388.0,1,50.0,1,2.4,large
Samsung Galaxy A92 5G,47990.0,80.0,Samsung,1,1,1,1,0,8,128.0,5000.0,33.0,6.7,1080.0,2400.0,0,48.0,3,2.4,large
Infinix Note 12 VIP,19999.0,84.0,Infinix,1,0,1,1,0,8,128.0,4500.0,120.0,6.7,1080.0,2400.0,1,108.0,3,2.05,large
OnePlus Nord 4 5G,29999.0,83.0,OnePlus,1,1,1,1,1,8,128.0,4500.0,80.0,6.43,1080.0,2412.0,0,50.0,3,2.36,medium
Realme Narzo 50A Prime (4GB RAM + 128GB),11879.0,74.0,Realme,1,0,1,1,0,4,128.0,5000.0,18.0,6.6,1080.0,2408.0,1,50.0,3,1.82,large
OnePlus Ace 5G,28990.0,84.0,OnePlus,1,1,1,1,1,8,128.0,4500.0,150.0,6.7,1080.0,2412.0,0,50.0,3,2.85,large
iQOO 9 5G (12GB RAM + 256GB),39990.0,85.0,iQOO,1,1,1,1,0,12,256.0,4350.0,120.0,6.56,1080.0,2376.0,0,48.0,3,2.9,large
Xiaomi Redmi Note 12T 5G,15999.0,78.0,Xiaomi,1,1,1,1,0,6,64.0,5000.0,33.0,6.52,1080.0,2400.0,1,64.0,3,2.4,large
Oppo A96 5G,22990.0,82.0,Oppo,1,1,1,1,0,8,256.0,4500.0,33.0,6.43,1080.0,2400.0,1,48.0,2,2.2,medium
Tecno Camon 18,11499.0,75.0,Tecno,1,0,1,1,1,4,128.0,5000.0,18.0,6.8,1080.0,2460.0,0,48.0,3,2.4,large
Tecno Phantom X Pro,22999.0,84.0,Tecno,1,0,1,1,0,8,256.0,5000.0,44.0,6.7,1080.0,2400.0,0,50.0,2,2.05,large
Tecno Spark 8T,7999.0,70.0,Tecno,1,0,1,1,0,4,64.0,5000.0,33.0,6.6,720.0,1600.0,1,50.0,2,2.3,large
Realme GT Neo2 5G,31999.0,82.0,Realme,1,1,1,1,1,8,128.0,5000.0,65.0,6.62,2400.0,1080.0,0,64.0,3,3.2,large
Realme G1,7999.0,64.0,Realme,1,0,1,1,0,3,32.0,6000.0,33.0,6.52,720.0,1600.0,1,13.0,3,2.3,large
Tecno Pova 2,10999.0,74.0,Tecno,1,0,1,1,0,4,64.0,7000.0,18.0,6.95,1080.0,2460.0,1,48.0,1,2.4,large
Poco X4,14990.0,79.0,Poco,1,1,1,1,0,6,128.0,5000.0,67.0,6.67,1080.0,2400.0,1,50.0,3,2.2,large
Motorola Moto G40 Fusion,14499.0,77.0,Motorola,1,0,1,1,0,4,64.0,6000.0,20.0,6.78,1080.0,2460.0,1,64.0,3,2.3,large
OnePlus 9T,44999.0,86.0,OnePlus,1,1,1,1,1,8,128.0,4500.0,65.0,6.55,1080.0,2400.0,0,108.0,1,2.84,large
Realme 8 (8GB RAM + 128GB),17999.0,83.0,Realme,1,0,1,1,0,8,128.0,5000.0,30.0,6.4,1080.0,2400.0,1,64.0,1,2.4,medium
Realme Narzo 30 Pro 5G (8GB RAM +128GB),19999.0,83.0,Realme,1,1,1,1,0,8,128.0,5000.0,30.0,6.5,1080.0,2400.0,1,48.0,3,2.4,large
Oppo Reno 5 Pro 5G,38700.0,84.0,Oppo,1,1,1,1,0,8,128.0,4350.0,65.0,6.53,1080.0,2400.0,0,64.0,1,2.6,large
OnePlus Nord SE,19999.0,73.0,OnePlus,1,0,1,1,0,4,64.0,4500.0,65.0,6.3,1080.0,2400.0,1,48.0,1,2.4,medium
Samsung Galaxy M12,10999.0,72.0,Samsung,1,0,1,1,0,4,64.0,6000.0,15.0,6.5,720.0,1600.0,1,48.0,1,2.4,large
OnePlus Nord N100,16990.0,68.0,OnePlus,1,0,1,1,0,4,64.0,5000.0,18.0,6.52,720.0,1600.0,1,13.0,3,1.8,large
OPPO A15,9999.0,66.0,OPPO,1,0,1,1,0,3,32.0,4230.0,33.0,6.52,720.0,1600.0,1,13.0,3,2.3,large
Xiaomi Redmi Note 9 Pro (4GB RAM + 128GB),14439.0,77.0,Xiaomi,1,0,1,1,0,4,128.0,5020.0,18.0,6.67,1080.0,2400.0,1,48.0,1,2.3,large
Oppo A12,9990.0,64.0,Oppo,1,0,1,1,0,3,32.0,4230.0,33.0,6.22,1520.0,720.0,1,13.0,2,1.8,medium
Realme X50 Pro 5G (8GB RAM + 128GB),24999.0,85.0,Realme,1,1,1,1,1,8,128.0,4200.0,65.0,6.44,1080.0,2400.0,0,64.0,2,2.84,medium
Xiaomi Redmi K20 Pro Signature Edition,480000.0,88.0,Xiaomi,1,0,1,1,1,8,256.0,4000.0,27.0,6.39,1080.0,2340.0,0,48.0,3,2.8,medium
Xiaomi Redmi Note 8 Pro,16999.0,78.0,Xiaomi,1,0,1,1,0,6,64.0,4500.0,18.0,6.53,1080.0,2340.0,1,64.0,1,2.05,large
Apple iPhone 15 Plus,84990.0,75.0,Apple,1,1,1,1,1,8,128.0,4532.0,33.0,6.71,1284.0,2778.0,0,12.0,2,2.4,large
Vivo Y55s 2023,21999.0,78.0,Vivo,1,1,1,1,1,4,128.0,5000.0,18.0,6.58,1080.0,2408.0,1,50.0,3,2.2,large
Lava Blaze NXT,8999.0,66.0,Lava,1,0,1,1,0,4,64.0,5000.0,33.0,6.5,720.0,1600.0,1,13.0,2,2.3,large
Tecno Camon 20 Premier,20999.0,79.0,Tecno,1,1,1,1,1,6,128.0,5000.0,33.0,6.83,1080.0,2460.0,0,50.0,3,2.2,large
OPPO Reno 8 House of Dragon Edition,32990.0,84.0,OPPO,1,1,1,1,1,8,128.0,4500.0,80.0,6.43,1080.0,2400.0,0,50.0,3,2.4,medium
Motorola Moto E22s,9022.0,70.0,Motorola,1,0,1,1,0,4,64.0,5000.0,10.0,6.5,720.0,1600.0,1,16.0,2,2.3,large
Xiaomi Redmi A1 Plus (3GB RAM + 32GB),8399.0,61.0,Xiaomi,1,0,1,1,0,3,32.0,5000.0,10.0,6.52,720.0,1600.0,1,8.0,2,2.4,large
Infinix Hot 20i,9999.0,64.0,Infinix,1,0,1,1,0,3,64.0,5000.0,33.0,6.6,720.0,1612.0,1,13.0,1,2.4,large
Tecno Spark 9 (3GB RAM + 64GB),8390.0,63.0,Tecno,1,0,1,1,0,3,64.0,5000.0,33.0,6.6,720.0,1600.0,1,13.0,1,2.3,large
ZTE Axon 30S,19999.0,82.0,ZTE,1,1,1,1,1,6,128.0,4200.0,55.0,6.9,1080.0,2460.0,1,50.0,1,3.2,large
Honor X6,13999.0,71.0,Honor,1,0,1,1,0,4,64.0,5000.0,10.0,6.5,720.0,1600.0,1,50.0,3,2.4,large
Xiaomi Civi 2,29999.0,85.0,Xiaomi,1,1,1,1,1,8,128.0,4500.0,67.0,6.55,1080.0,2400.0,0,50.0,4,2.4,large
Nothing Phone 1 Lite,24990.0,80.0,Nothing,1,1,1,1,1,6,128.0,5000.0,33.0,6.55,1080.0,2400.0,0,50.0,2,2.5,large
OnePlus Ace Pro,47990.0,86.0,OnePlus,1,1,1,1,1,12,256.0,4800.0,150.0,6.7,1080.0,2412.0,0,50.0,3,3.2,large
Realme GT 2 Explorer Master Edition,40990.0,86.0,Realme,1,1,1,1,1,8,128.0,5000.0,100.0,6.7,1080.0,2412.0,0,50.0,2,3.2,large
Samsung Galaxy M35,22999.0,74.0,Samsung,1,0,1,1,1,8,128.0,6000.0,33.0,6.5,1080.0,2400.0,1,64.0,3,2.4,large
Samsung Galaxy A05,12990.0,63.0,Samsung,1,0,1,1,0,4,64.0,5000.0,18.0,6.5,720.0,1560.0,1,48.0,2,2.4,large
Infinix Note 12 Turbo,14999.0,79.0,Infinix,1,0,1,1,0,8,128.0,5000.0,33.0,6.7,2400.0,1080.0,1,50.0,2,2.4,large
POCO F5 GT 5G,42999.0,86.0,POCO,1,1,1,1,1,8,128.0,4500.0,150.0,6.67,1080.0,2412.0,0,64.0,3,2.4,large
iQOO Z8 5G,14999.0,78.0,iQOO,1,1,1,1,0,4,128.0,5000.0,18.0,6.58,1080.0,2412.0,1,50.0,3,2.2,large
Vivo Y55 4G,22990.0,83.0,Vivo,1,0,1,1,0,8,128.0,5000.0,44.0,6.44,1080.0,2400.0,1,50.0,3,2.4,medium
Oppo K10 Pro 5G,29990.0,81.0,Oppo,1,1,1,1,0,8,128.0,5000.0,80.0,6.62,1080.0,2400.0,0,50.0,3,2.84,large
Tecno Spark 8C,7399.0,62.0,Tecno,1,0,1,1,0,3,64.0,5000.0,33.0,6.6,720.0,1612.0,1,13.0,1,2.4,large
iQOO Z7 5G,17999.0,80.0,iQOO,1,1,1,1,0,8,128.0,4200.0,55.0,6.67,1080.0,2400.0,0,50.0,3,2.2,large
Infinix Note 11 (6GB RAM + 128GB),12799.0,77.0,Infinix,1,0,1,1,0,6,128.0,5000.0,33.0,6.7,1080.0,2400.0,1,50.0,2,2.4,large
Xiaomi 11i HyperCharge 5G (8GB RAM + 128GB),26999.0,86.0,Xiaomi,1,1,1,1,0,8,128.0,4500.0,120.0,6.67,2400.0,1080.0,1,108.0,3,2.5,large
Samsung Galaxy F42 5G (8GB RAM + 128GB),22999.0,82.0,Samsung,1,1,1,1,0,8,128.0,5000.0,15.0,6.6,1080.0,2408.0,1,64.0,3,2.2,large
Nubia Red Magic 6S 5G,44999.0,84.0,Nubia,1,1,1,1,1,8,128.0,5050.0,30.0,6.8,1080.0,2400.0,0,64.0,3,2.9,large
Micromax IN 2B (6GB RAM + 64GB),7790.0,68.0,Micromax,1,0,1,1,0,6,64.0,5000.0,33.0,6.52,720.0,1600.0,1,13.0,2,1.8,large
Nokia X60 5G,39990.0,87.0,Nokia,1,1,1,1,0,6,128.0,6000.0,33.0,6.51,1080.0,2400.0,1,200.0,1,3.2,large
Vivo Y12a,9999.0,65.0,Vivo,1,0,1,1,0,3,32.0,5000.0,33.0,6.51,720.0,1600.0,1,13.0,2,2.4,large
Oppo Reno 5A,22990.0,80.0,Oppo,1,1,1,1,0,6,128.0,4000.0,18.0,6.5,1080.0,2400.0,1,64.0,1,2.4,large
Poco F3 GT,32999.0,79.0,Poco,1,1,1,1,0,6,128.0,5065.0,67.0,6.67,1080.0,2400.0,0,64.0,3,2.4,large
Honor 50,32990.0,85.0,Honor,1,1,1,1,1,6,128.0,4300.0,66.0,6.57,1080.0,2340.0,0,108.0,1,2.4,large
OPPO A54 (6GB RAM + 128GB),14999.0,74.0,OPPO,1,0,1,1,0,6,128.0,5000.0,33.0,6.51,1600.0,720.0,1,16.0,3,2.3,large
Realme 8i,12499.0,74.0,Realme,1,0,1,1,0,4,64.0,5000.0,18.0,6.6,1080.0,2412.0,1,50.0,3,2.05,large
iQOO 7 Legend,39990.0,84.0,iQOO,1,1,1,1,1,8,128.0,4000.0,66.0,6.62,1080.0,2400.0,0,48.0,3,2.84,large
Realme C11 2021,6499.0,61.0,Realme,1,0,1,1,0,2,32.0,5000.0,33.0,6.52,720.0,1600.0,1,8.0,1,1.6,large
Samsung Galaxy A22,18499.0,76.0,Samsung,1,0,1,1,0,6,128.0,5000.0,15.0,6.4,720.0,1600.0,1,48.0,1,2.4,medium
Realme GT 5G,30994.0,85.0,Realme,1,1,1,1,1,8,128.0,4500.0,65.0,6.43,1080.0,2400.0,0,64.0,3,2.84,medium
Google Pixel 5A,32999.0,78.0,Google,0,1,1,1,1,6,128.0,4620.0,18.0,6.34,1080.0,2400.0,0,16.0,2,2.4,medium
Samsung Galaxy F12,10499.0,73.0,Samsung,1,0,1,1,0,4,64.0,6000.0,15.0,6.5,720.0,1600.0,1,48.0,1,2.4,large
Samsung Galaxy F41 (6GB RAM + 128GB),19999.0,82.0,Samsung,1,0,1,1,0,6,128.0,6000.0,15.0,6.4,1080.0,2340.0,1,64.0,3,2.3,medium
Samsung Galaxy A21s (6GB RAM + 128GB),17499.0,75.0,Samsung,1,0,1,1,0,6,128.0,5000.0,33.0,6.5,720.0,1600.0,1,48.0,1,2.4,large
Xiaomi Redmi 9A (6GB RAM + 128GB),10990.0,69.0,Xiaomi,1,0,1,1,0,6,128.0,5000.0,33.0,6.53,720.0,1600.0,1,13.0,1,2.4,large
Vivo V20 SE,19000.0,82.0,Vivo,1,0,1,1,0,8,128.0,4100.0,33.0,6.44,1080.0,2400.0,1,48.0,3,2.4,medium
OPPO A53 2020 (6GB RAM + 128GB),13990.0,70.0,OPPO,1,0,1,1,0,6,128.0,5000.0,18.0,6.5,1600.0,720.0,1,16.0,3,1.8,large
Realme Narzo 20,10499.0,72.0,Realme,1,0,1,1,0,4,64.0,6000.0,18.0,6.5,720.0,1600.0,1,48.0,3,2.4,large
Realme C11,6490.0,61.0,Realme,1,0,1,1,0,2,32.0,5000.0,33.0,6.5,720.0,1600.0,1,13.0,2,2.3,large
Xiaomi Mi 10 5G (8GB RAM + 256GB),54999.0,88.0,Xiaomi,1,1,1,1,1,8,256.0,4780.0,30.0,6.67,1080.0,2340.0,0,108.0,1,2.84,large
Vivo Y21 (2020),9990.0,65.0,Vivo,1,0,1,1,0,4,64.0,5000.0,33.0,6.5,720.0,1544.0,1,13.0,2,1.8,large
OnePlus Z,24999.0,79.0,OnePlus,1,0,1,1,0,8,128.0,4300.0,30.0,6.55,1080.0,2400.0,0,64.0,3,2.4,large
Sharp Aquos R5G,59990.0,88.0,Sharp,1,0,1,1,1,12,256.0,3730.0,33.0,6.5,1440.0,3168.0,1,48.0,3,2.84,large
Samsung Galaxy A11,9990.0,63.0,Samsung,1,0,1,1,0,2,32.0,4000.0,15.0,6.4,720.0,1560.0,1,13.0,3,1.8,medium
Samsung Galaxy A9 Pro (2019),39990.0,78.0,Samsung,1,0,1,1,1,6,128.0,3400.0,33.0,6.4,1080.0,2340.0,1,24.0,3,2.2,medium
Poco C55,7999.0,70.0,Poco,1,0,1,1,0,4,64.0,5000.0,33.0,6.71,720.0,1650.0,1,50.0,1,2.4,large
Blackview BV5200 Pro,8990.0,67.0,Blackview,1,1,1,1,1,4,64.0,5180.0,10.0,6.1,720.0,1560.0,1,13.0,1,2.3,medium
Honor X7a,13999.0,75.0,Honor,1,0,1,1,0,6,128.0,5000.0,5.0,6.75,720.0,1600.0,1,50.0,1,2.3,large
OPPO A58x,13990.0,72.0,OPPO,1,1,1,1,0,6,128.0,5000.0,10.0,6.56,720.0,1612.0,1,13.0,2,2.2,large
Doogee S99,14999.0,84.0,Doogee,1,0,1,1,1,8,128.0,6000.0,33.0,6.3,1080.0,2340.0,1,108.0,3,2.05,medium
Motorola Edge 40 Fusion,42990.0,87.0,Motorola,1,1,1,1,1,8,128.0,4500.0,68.0,6.67,1080.0,2400.0,0,50.0,3,3.2,large
iKall Z18,6799.0,61.0,iKall,1,0,1,1,0,4,64.0,5000.0,33.0,6.82,720.0,1560.0,1,20.0,1,1.3,large
Oukitel WP9,25899.0,72.0,Oukitel,1,0,0,1,1,6,128.0,8000.0,33.0,5.86,720.0,1520.0,1,16.0,3,2.4,small
Xiaomi 14,54999.0,89.0,Xiaomi,1,1,1,1,1,12,256.0,5000.0,67.0,6.43,1440.0,3200.0,0,50.0,3,3.2,medium
Motorola ThinkPhone,49990.0,89.0,Motorola,1,1,1,1,1,8,128.0,5000.0,68.0,6.6,1080.0,2400.0,0,50.0,4,3.2,large
Xiaomi Civi 3,32990.0,86.0,Xiaomi,1,1,1,1,1,8,256.0,5000.0,80.0,6.7,1080.0,2400.0,0,64.0,4,3.1,large
Realme Narzo 50i Prime (4GB RAM + 64GB),8720.0,64.0,Realme,1,0,1,1,0,4,64.0,5000.0,10.0,6.5,720.0,1600.0,1,8.0,1,1.82,large
Oppo Find X6,69990.0,89.0,Oppo,1,1,1,1,1,8,256.0,4700.0,120.0,6.73,1080.0,2400.0,0,50.0,3,3.2,large
Google Pixel 8 Pro,70990.0,80.0,Google,1,1,1,1,1,12,256.0,5000.0,67.0,6.73,1440.0,3120.0,0,50.0,3,2.4,large
Motorola Moto Edge S30 Pro,34990.0,83.0,Motorola,1,1,1,1,0,8,128.0,5000.0,2.0,6.67,1080.0,2460.0,0,64.0,3,2.4,large
Honor X8 5G,14990.0,75.0,Honor,1,1,1,1,0,6,128.0,5000.0,5.0,6.5,720.0,1600.0,1,48.0,2,2.2,large
POCO X4 GT 5G (8GB RAM + 256GB),28990.0,85.0,POCO,1,1,1,1,1,8,256.0,5080.0,67.0,6.6,1080.0,2460.0,0,64.0,3,2.85,large
Motorola Moto G91 5G,19990.0,80.0,Motorola,1,1,1,1,1,6,128.0,5000.0,33.0,6.8,1080.0,2400.0,1,108.0,3,2.2,large
Samsung Galaxy M52s 5G,24990.0,74.0,Samsung,1,1,1,1,0,8,128.0,5000.0,33.0,6.5,1080.0,2400.0,1,64.0,3,2.4,large
